water,distance_m,turb_level,lambda_nm,N_pulses,n_click,n_sift,n_err,P_click,QBER_pct,QBER_lo_pct,QBER_hi_pct,SKR_bps,outage,secure
clear_ocean,5,3,450,2000000,21029,10524,145,1.0514e-02,1.38,1.16,1.62,4.158e+04,0.000,Yes
clear_ocean,10,3,450,2000000,12380,6084,127,6.1900e-03,2.09,1.74,2.48,2.152e+04,0.000,Yes
clear_ocean,15,3,450,2000000,7236,3643,112,3.6180e-03,3.07,2.54,3.69,1.100e+04,0.000,Yes
clear_ocean,20,3,450,2950000,6216,3190,111,2.1071e-03,3.48,2.87,4.18,6.101e+03,0.017,Yes
clear_ocean,25,3,450,5050000,5790,2752,108,1.1465e-03,3.92,3.23,4.72,2.847e+03,0.050,Yes
clear_ocean,30,3,450,9450000,5924,3040,132,6.2688e-04,4.34,3.65,5.13,1.559e+03,0.190,Yes
clear_ocean,35,3,450,21600000,6032,2962,155,2.7926e-04,5.23,4.46,6.10,5.589e+02,0.204,Yes
clear_ocean,40,3,450,45950000,5789,2897,274,1.2598e-04,9.46,8.42,10.58,6.106e+01,0.232,Yes
clear_ocean,45,3,450,89750000,5743,2951,416,6.3989e-05,14.10,12.86,15.40,0.000e+00,0.202,No
clear_ocean,50,3,450,156750000,6001,2957,604,3.8284e-05,20.43,18.99,21.93,0.000e+00,0.177,No
clear_ocean,55,3,450,238950000,6163,2976,792,2.5792e-05,26.61,25.03,28.24,0.000e+00,0.153,No
clear_ocean,60,3,450,317500000,6029,3078,1089,1.8989e-05,35.38,33.69,37.10,0.000e+00,0.158,No
clear_ocean,65,3,450,377100000,6078,3089,1275,1.6118e-05,41.28,39.53,43.04,0.000e+00,0.156,No
clear_ocean,70,3,450,415100000,6054,3024,1410,1.4584e-05,46.63,44.84,48.42,0.000e+00,0.156,No
clear_ocean,75,3,450,436850000,5908,2986,1382,1.3524e-05,46.28,44.48,48.09,0.000e+00,0.147,No
clear_ocean,80,3,450,448650000,6210,2939,1416,1.3842e-05,48.18,46.36,50.00,0.000e+00,0.146,No
coastal,2,3,450,2000000,17139,8596,193,8.5695e-03,2.25,1.94,2.58,2.966e+04,0.000,Yes
coastal,4,3,450,2000000,8210,4043,131,4.1050e-03,3.24,2.72,3.83,1.187e+04,0.000,Yes
coastal,6,3,450,3100000,6016,2943,132,1.9406e-03,4.49,3.77,5.30,4.479e+03,0.016,Yes
coastal,8,3,450,6500000,6158,3003,151,9.4738e-04,5.03,4.27,5.87,1.963e+03,0.085,Yes
coastal,10,3,450,13400000,6117,3134,187,4.5649e-04,5.97,5.16,6.85,8.133e+02,0.216,Yes
coastal,13,3,450,38550000,5980,2966,300,1.5512e-04,10.11,9.05,11.26,4.213e+01,0.313,No
coastal,16,3,450,100500000,6013,3058,450,5.9831e-05,14.72,13.48,16.02,0.000e+00,0.203,No
coastal,19,3,450,212050000,6058,3091,792,2.8569e-05,25.62,24.09,27.20,0.000e+00,0.171,No
coastal,22,3,450,333200000,5959,3032,1116,1.7884e-05,36.81,35.09,38.55,0.000e+00,0.154,No
coastal,25,3,450,409850000,5926,2938,1343,1.4459e-05,45.71,43.90,47.53,0.000e+00,0.150,No
coastal,28,3,450,443250000,6068,2929,1368,1.3690e-05,46.71,44.89,48.53,0.000e+00,0.144,No
coastal,31,3,450,456300000,6023,2942,1471,1.3200e-05,50.00,48.18,51.82,0.000e+00,0.151,No
coastal,34,3,450,460100000,6091,2954,1480,1.3238e-05,50.10,48.28,51.92,0.000e+00,0.149,No
coastal,37,3,450,461150000,5968,3063,1501,1.2942e-05,49.00,47.22,50.79,0.000e+00,0.149,No
coastal,40,3,450,461450000,5886,2888,1469,1.2755e-05,50.87,49.02,52.70,0.000e+00,0.147,No
coastal,43,3,450,461550000,6181,2935,1439,1.3392e-05,49.03,47.21,50.85,0.000e+00,0.146,No
harbor,0.5,3,450,2000000,10284,5125,187,5.1420e-03,3.65,3.15,4.20,1.405e+04,0.000,Yes
harbor,1,3,450,4100000,6115,2991,148,1.4915e-03,4.95,4.20,5.79,3.149e+03,0.085,Yes
harbor,1.5,3,450,14050000,5906,3063,210,4.2036e-04,6.86,5.99,7.81,6.081e+02,0.306,Yes
harbor,2,3,450,45750000,5962,3015,271,1.3032e-04,8.99,7.99,10.07,8.425e+01,0.264,Yes
harbor,2.5,3,450,128700000,5865,2970,519,4.5571e-05,17.47,16.12,18.89,0.000e+00,0.185,No
harbor,3,3,450,265800000,5882,2969,926,2.2129e-05,31.19,29.52,32.89,0.000e+00,0.161,No
harbor,3.5,3,450,381600000,5892,2956,1258,1.5440e-05,42.56,40.77,44.36,0.000e+00,0.151,No
harbor,4,3,450,435550000,6059,3053,1402,1.3911e-05,45.92,44.14,47.71,0.000e+00,0.149,No
harbor,4.5,3,450,453850000,5928,3015,1469,1.3062e-05,48.72,46.92,50.52,0.000e+00,0.150,No
harbor,5,3,450,459350000,5823,3061,1523,1.2677e-05,49.75,47.97,51.54,0.000e+00,0.150,No
harbor,5.5,3,450,460950000,6072,2938,1478,1.3173e-05,50.31,48.48,52.13,0.000e+00,0.147,No
harbor,6,3,450,461400000,6033,2945,1487,1.3075e-05,50.49,48.67,52.31,0.000e+00,0.149,No
harbor,7,3,450,461550000,6112,2926,1488,1.3242e-05,50.85,49.03,52.68,0.000e+00,0.149,No
harbor,8,3,450,461550000,6012,3073,1501,1.3026e-05,48.84,47.06,50.63,0.000e+00,0.150,No
harbor,9,3,450,461550000,5923,2907,1473,1.2833e-05,50.67,48.84,52.50,0.000e+00,0.148,No
harbor,10,3,450,461550000,6180,3004,1462,1.3390e-05,48.67,46.87,50.47,0.000e+00,0.147,No
