attempt,a_data,a_basis,b_basis,bob,bmatch,err,irrad,mode,mu,lam_idx
15427,0,1,1,0,1,0,50,1,9,0
32597,0,0,0,0,1,0,50,1,9,0
37758,1,0,1,0,0,0,50,1,9,0
42723,0,0,0,0,1,0,50,1,9,0
44938,0,1,0,1,0,0,50,1,9,0
49895,0,0,0,0,1,0,50,1,9,0
57635,1,1,1,1,1,0,50,1,9,0
64898,1,1,1,1,1,0,50,1,9,0
65164,1,0,1,0,0,0,50,1,9,0
66084,0,1,0,1,0,0,255,1,9,0
66187,0,0,1,1,0,0,255,1,9,0
67406,1,1,0,0,0,0,255,1,9,0
69923,1,0,1,0,0,0,255,1,9,0
71158,0,0,1,1,0,0,255,1,9,0
72034,0,0,0,0,1,0,255,1,9,0
72288,0,1,0,1,0,0,255,1,9,0
73157,1,1,1,1,1,0,255,1,9,0
73456,1,1,0,0,0,0,255,1,9,0
77608,1,0,0,1,1,0,255,1,9,0
78813,1,0,0,1,1,0,255,1,9,0
78954,1,1,0,0,0,0,255,1,9,0
83247,1,0,0,1,1,0,255,1,9,0
84074,1,0,1,0,0,0,255,1,9,0
86247,1,0,1,0,0,0,255,1,9,0
87838,1,0,1,0,0,0,255,1,9,0
88109,0,1,1,0,1,0,255,1,9,0
88795,0,0,1,1,0,0,255,1,9,0
90967,1,1,0,0,0,0,255,1,9,0
91733,1,0,0,1,1,0,255,1,9,0
91843,0,0,1,0,0,0,255,1,9,0
92887,0,0,0,0,1,0,255,1,9,0
92930,0,0,1,1,0,0,255,1,9,0
94021,1,1,0,0,0,0,255,1,9,0
98063,0,1,0,1,0,0,255,1,9,0
98081,1,1,1,1,1,0,255,1,9,0
98542,1,1,0,1,0,0,255,1,9,0
98928,0,0,1,1,0,0,255,1,9,0
99681,1,1,1,1,1,0,255,1,9,0
102297,1,1,0,0,0,0,255,1,9,0
103670,1,1,0,0,0,0,255,1,9,0
106660,0,1,1,0,1,0,255,1,9,0
109649,0,0,1,1,0,0,255,1,9,0
111536,0,1,1,0,1,0,255,1,9,0
112314,0,1,0,1,0,0,255,1,9,0
113752,0,1,0,1,0,0,255,1,9,0
116020,1,0,1,0,0,0,255,1,9,0
116662,0,1,1,0,1,0,255,1,9,0
119244,0,0,0,0,1,0,255,1,9,0
119998,1,0,1,0,0,0,255,1,9,0
122673,1,0,0,1,1,0,255,1,9,0
125952,0,0,0,0,1,0,255,1,9,0
126243,1,1,1,1,1,0,255,1,9,0
127452,1,1,0,1,0,0,255,1,9,0
131012,0,0,0,0,1,0,255,1,9,0
184748,0,1,1,1,1,1,9,1,9,0
191897,0,1,0,1,0,0,9,1,9,0
192203,1,0,1,1,0,0,9,1,9,0
192361,0,0,0,0,1,0,9,1,9,0
198466,1,1,1,1,1,0,131,1,9,0
198999,1,1,1,1,1,0,131,1,9,0
200183,1,1,1,1,1,0,131,1,9,0
204434,1,0,1,0,0,0,131,1,9,0
207402,0,1,1,0,1,0,131,1,9,0
223414,0,0,0,0,1,0,131,1,9,0
224522,1,1,0,0,0,0,131,1,9,0
225506,1,0,0,1,1,0,131,1,9,0
233185,0,0,0,0,1,0,131,1,9,0
234964,0,0,0,0,1,0,131,1,9,0
241640,0,1,0,1,0,0,131,1,9,0
241788,0,1,0,1,0,0,131,1,9,0
250445,1,1,0,0,0,0,131,1,9,0
252109,1,1,1,1,1,0,131,1,9,0
255786,1,1,1,1,1,0,131,1,9,0
258124,0,0,1,1,0,0,131,1,9,0
266251,1,1,1,1,1,0,255,1,9,0
269287,0,1,0,1,0,0,255,1,9,0
270984,1,1,0,0,0,0,255,1,9,0
275964,0,1,0,1,0,0,255,1,9,0
276276,1,0,0,1,1,0,255,1,9,0
280150,0,0,0,0,1,0,255,1,9,0
280504,0,0,1,1,0,0,255,1,9,0
281372,1,0,1,0,0,0,255,1,9,0
281620,1,0,1,0,0,0,255,1,9,0
281915,0,1,0,1,0,0,255,1,9,0
282734,0,1,1,0,1,0,255,1,9,0
284898,0,1,1,0,1,0,255,1,9,0
288023,0,1,1,0,1,0,255,1,9,0
289798,0,0,1,1,0,0,255,1,9,0
294780,0,0,1,1,0,0,255,1,9,0
295694,0,1,1,0,1,0,255,1,9,0
296335,1,1,0,0,0,0,255,1,9,0
298295,0,1,1,0,1,0,255,1,9,0
300788,1,1,1,1,1,0,255,1,9,0
301750,0,0,0,0,1,0,255,1,9,0
303591,0,0,0,0,1,0,255,1,9,0
304990,1,0,1,0,0,0,255,1,9,0
306695,0,1,1,0,1,0,255,1,9,0
309548,1,1,0,0,0,0,255,1,9,0
311576,0,0,1,1,0,0,255,1,9,0
314064,0,1,1,0,1,0,255,1,9,0
316577,0,0,0,0,1,0,255,1,9,0
320400,1,1,0,0,0,0,255,1,9,0
320962,0,0,1,0,0,0,255,1,9,0
322020,0,1,1,0,1,0,255,1,9,0
322396,0,0,1,1,0,0,255,1,9,0
322675,0,1,1,0,1,0,255,1,9,0
324495,0,0,1,1,0,0,255,1,9,0
325937,1,0,1,0,0,0,255,1,9,0
329852,0,0,1,1,0,0,6,2,9,0
392540,1,1,0,1,0,0,6,2,9,0
400057,0,1,1,0,1,0,111,2,9,0
405454,0,0,1,1,0,0,111,2,9,0
409203,0,0,0,0,1,0,111,2,9,0
417218,1,0,1,0,0,0,111,2,9,0
417770,0,1,1,0,1,0,111,2,9,0
417983,1,1,1,1,1,0,111,2,9,0
418334,1,1,0,0,0,0,111,2,9,0
421709,1,0,1,0,0,0,111,2,9,0
421784,1,0,0,1,1,0,111,2,9,0
423748,1,0,0,1,1,0,111,2,9,0
425265,0,1,0,1,0,0,111,2,9,0
427974,1,0,1,0,0,0,111,2,9,0
430017,1,1,1,1,1,0,111,2,9,0
430956,1,0,1,0,0,0,111,2,9,0
433755,0,0,0,0,1,0,111,2,9,0
443063,1,0,1,0,0,0,111,2,9,0
446868,1,1,0,0,0,0,111,2,9,0
449967,0,0,1,0,0,0,111,2,9,0
454271,0,1,1,0,1,0,111,2,9,0
455869,1,0,0,0,1,1,111,2,9,0
460111,0,1,1,0,1,0,162,2,9,0
468331,1,1,1,1,1,0,162,2,9,0
471276,0,0,1,1,0,0,162,2,9,0
474587,1,0,0,1,1,0,162,2,9,0
475270,1,1,0,0,0,0,162,2,9,0
475532,0,1,0,1,0,0,162,2,9,0
476403,0,0,1,1,0,0,162,2,9,0
480910,0,0,1,1,0,0,162,2,9,0
483012,1,1,1,1,1,0,162,2,9,0
487360,0,0,1,0,0,0,162,2,9,0
487679,1,1,0,0,0,0,162,2,9,0
488526,0,1,1,0,1,0,162,2,9,0
490905,0,0,1,1,0,0,162,2,9,0
494663,0,1,1,0,1,0,162,2,9,0
494920,0,1,1,0,1,0,162,2,9,0
505075,0,1,0,1,0,0,162,2,9,0
506302,1,1,1,1,1,0,162,2,9,0
511030,1,1,1,1,1,0,162,2,9,0
512077,0,1,1,0,1,0,162,2,9,0
513349,0,0,1,1,0,0,162,2,9,0
515713,0,0,1,1,0,0,162,2,9,0
515743,0,1,0,1,0,0,162,2,9,0
523198,1,1,1,1,1,0,162,2,9,0
527232,1,0,1,0,0,0,37,2,9,0
538177,1,1,1,0,1,1,37,2,9,0
539367,1,1,0,0,0,0,37,2,9,0
572276,1,1,1,1,1,0,37,2,9,0
575090,0,1,0,1,0,0,37,2,9,0
575943,0,0,1,1,0,0,37,2,9,0
577819,0,0,0,0,1,0,37,2,9,0
595576,1,0,0,1,1,0,35,2,9,0
597561,0,0,0,0,1,0,35,2,9,0
602420,1,0,1,0,0,0,35,2,9,0
602664,1,0,1,0,0,0,35,2,9,0
603188,1,0,1,0,0,0,35,2,9,0
628390,0,1,0,1,0,0,35,2,9,0
644172,1,1,0,0,0,0,35,2,9,0
655579,1,1,0,0,0,0,200,2,9,0
658060,0,1,0,0,0,0,200,2,9,0
659652,0,0,0,0,1,0,200,2,9,0
664894,1,0,1,0,0,0,200,2,9,0
665851,0,0,1,1,0,0,200,2,9,0
671367,1,0,0,1,1,0,200,2,9,0
672243,0,1,0,1,0,0,200,2,9,0
672246,0,1,0,1,0,0,200,2,9,0
673112,1,0,1,0,0,0,200,2,9,0
676591,0,0,0,0,1,0,200,2,9,0
683841,0,1,0,1,0,0,200,2,9,0
686216,0,1,0,1,0,0,200,2,9,0
689542,1,1,0,0,0,0,200,2,9,0
693567,0,0,0,0,1,0,200,2,9,0
695447,0,0,0,0,1,0,200,2,9,0
701239,1,0,0,1,1,0,200,2,9,0
701682,0,1,0,1,0,0,200,2,9,0
702985,1,1,1,1,1,0,200,2,9,0
705115,1,1,1,1,1,0,200,2,9,0
707724,1,1,0,0,0,0,200,2,9,0
707728,1,0,1,0,0,0,200,2,9,0
707999,1,1,0,0,0,0,200,2,9,0
708643,0,0,1,1,0,0,200,2,9,0
710816,1,0,1,0,0,0,200,2,9,0
714566,1,0,1,0,0,0,200,2,9,0
714881,1,1,0,0,0,0,200,2,9,0
715654,1,0,0,1,1,0,200,2,9,0
715935,0,0,1,1,0,0,200,2,9,0
718586,0,1,1,0,1,0,200,2,9,0
719103,1,0,0,1,1,0,200,2,9,0
723053,1,0,0,1,1,0,127,2,9,0
737864,0,1,0,1,0,0,127,2,9,0
740891,1,0,1,0,0,0,127,2,9,0
742049,1,0,0,0,1,1,127,2,9,0
743683,1,1,1,1,1,0,127,2,9,0
745504,1,0,0,1,1,0,127,2,9,0
750908,1,1,0,0,0,0,127,2,9,0
753423,1,1,0,0,0,0,127,2,9,0
758255,0,0,1,1,0,0,127,2,9,0
760506,1,1,1,1,1,0,127,2,9,0
767427,0,1,0,0,0,0,127,2,9,0
771322,0,1,1,0,1,0,127,2,9,0
777542,0,0,0,0,1,0,127,2,9,0
777759,1,1,0,0,0,0,127,2,9,0
787784,0,0,0,0,1,0,161,2,9,0
789664,1,0,1,0,0,0,161,2,9,0
790865,1,1,1,1,1,0,161,2,9,0
791628,1,0,1,0,0,0,161,2,9,0
794964,1,1,0,0,0,0,161,2,9,0
795588,0,1,1,0,1,0,161,2,9,0
797809,0,1,0,1,0,0,161,2,9,0
798409,0,1,1,0,1,0,161,2,9,0
803257,0,0,0,0,1,0,161,2,9,0
806606,0,0,1,1,0,0,161,2,9,0
809465,1,1,1,1,1,0,161,2,9,0
819524,1,0,1,0,0,0,161,2,9,0
821986,1,0,1,0,0,0,161,2,9,0
822293,1,0,1,0,0,0,161,2,9,0
829366,1,1,1,1,1,0,161,2,9,0
837314,1,0,0,1,1,0,161,2,9,0
843093,1,1,1,1,1,0,161,2,9,0
844762,1,1,0,0,0,0,161,2,9,0
852729,1,0,1,0,0,0,255,2,9,0
853067,0,1,0,1,0,0,255,2,9,0
853215,1,0,1,0,0,0,255,2,9,0
853935,0,1,1,0,1,0,255,2,9,0
854150,1,0,1,0,0,0,255,2,9,0
858142,1,0,1,0,0,0,255,2,9,0
858896,0,0,1,1,0,0,255,2,9,0
863880,1,0,0,1,1,0,255,2,9,0
865490,1,1,0,0,0,0,255,2,9,0
869418,0,1,1,0,1,0,255,2,9,0
874087,1,0,0,1,1,0,255,2,9,0
874530,0,0,1,1,0,0,255,2,9,0
876613,1,1,0,0,0,0,255,2,9,0
877128,0,1,1,0,1,0,255,2,9,0
877679,1,1,1,1,1,0,255,2,9,0
880258,0,1,1,0,1,0,255,2,9,0
881100,0,1,1,0,1,0,255,2,9,0
881898,1,1,0,0,0,0,255,2,9,0
882525,1,0,0,1,1,0,255,2,9,0
882724,1,0,1,0,0,0,255,2,9,0
882887,0,1,1,0,1,0,255,2,9,0
883295,0,0,0,0,1,0,255,2,9,0
886496,0,0,1,1,0,0,255,2,9,0
887931,1,0,1,1,0,0,255,2,9,0
888173,1,1,0,0,0,0,255,2,9,0
889469,0,1,0,1,0,0,255,2,9,0
893050,0,0,0,0,1,0,255,2,9,0
893709,0,0,0,0,1,0,255,2,9,0
894815,0,1,0,1,0,0,255,2,9,0
894827,0,1,0,1,0,0,255,2,9,0
898981,0,0,1,1,0,0,255,2,9,0
899103,0,0,1,1,0,0,255,2,9,0
899588,0,0,1,1,0,0,255,2,9,0
899776,0,0,1,1,0,0,255,2,9,0
900404,1,1,0,0,0,0,255,2,9,0
902831,1,1,1,1,1,0,255,2,9,0
903147,0,1,1,0,1,0,255,2,9,0
903318,0,0,1,1,0,0,255,2,9,0
904992,1,1,1,1,1,0,255,2,9,0
905518,1,1,1,1,1,0,255,2,9,0
905932,0,1,1,0,1,0,255,2,9,0
906004,1,0,1,0,0,0,255,2,9,0
906709,0,1,1,0,1,0,255,2,9,0
907816,1,1,0,0,0,0,255,2,9,0
909562,0,1,0,1,0,0,255,2,9,0
910556,0,0,0,0,1,0,255,2,9,0
913570,0,1,0,1,0,0,255,2,9,0
913928,0,1,1,0,1,0,255,2,9,0
914822,1,1,0,0,0,0,255,2,9,0
916808,1,0,1,0,0,0,255,2,9,0
916912,1,1,1,1,1,0,255,2,9,0
933417,1,0,1,0,0,0,44,2,12,0
933728,0,1,0,1,0,0,44,2,12,0
935164,1,1,1,1,1,0,44,2,12,0
938097,0,1,0,1,0,0,44,2,12,0
942982,1,1,0,0,0,0,44,2,12,0
947269,0,1,0,1,0,0,44,2,12,0
958294,1,1,0,0,0,0,44,2,12,0
971988,0,1,0,1,0,0,44,2,12,0
987299,0,1,1,0,1,0,37,2,12,0
993509,1,0,1,0,0,0,37,2,12,0
1003759,0,1,0,1,0,0,37,2,12,0
1030249,1,1,1,1,1,0,37,2,12,0
1030288,1,1,0,1,0,0,37,2,12,0
1036290,0,1,1,0,1,0,37,2,12,0
1044410,1,1,1,1,1,0,37,2,12,0
1049171,1,1,0,0,0,0,168,2,12,0
1052355,1,0,1,0,0,0,168,2,12,0
1052780,0,0,1,0,0,0,168,2,12,0
1052956,0,1,1,0,1,0,168,2,12,0
1053627,0,0,1,1,0,0,168,2,12,0
1054433,0,0,0,0,1,0,168,2,12,0
1054984,1,1,1,1,1,0,168,2,12,0
1055158,1,0,0,1,1,0,168,2,12,0
1055686,0,1,1,0,1,0,168,2,12,0
1057906,1,1,0,0,0,0,168,2,12,0
1058649,1,0,1,0,0,0,168,2,12,0
1058804,1,0,1,1,0,0,168,2,12,0
1067815,0,1,0,1,0,0,168,2,12,0
1068063,1,0,1,0,0,0,168,2,12,0
1068236,0,1,0,1,0,0,168,2,12,0
1072204,0,0,1,1,0,0,168,2,12,0
1072623,1,1,1,1,1,0,168,2,12,0
1072740,0,0,1,1,0,0,168,2,12,0
1074059,1,0,1,0,0,0,168,2,12,0
1075471,0,0,1,1,0,0,168,2,12,0
1075554,1,0,0,1,1,0,168,2,12,0
1075674,0,0,1,1,0,0,168,2,12,0
1078148,0,0,0,1,1,1,168,2,12,0
1078999,1,0,0,1,1,0,168,2,12,0
1079732,1,1,1,1,1,0,168,2,12,0
1079809,1,0,0,1,1,0,168,2,12,0
1081149,1,0,0,1,1,0,168,2,12,0
1081296,0,1,1,0,1,0,168,2,12,0
1081682,1,0,0,1,1,0,168,2,12,0
1085937,1,1,1,1,1,0,168,2,12,0
1093290,0,0,0,0,1,0,168,2,12,0
1093714,0,0,0,0,1,0,168,2,12,0
1097255,1,0,0,1,1,0,168,2,12,0
1099034,0,0,0,0,1,0,168,2,12,0
1106770,1,0,0,1,1,0,168,2,12,0
1107742,1,1,1,1,1,0,168,2,12,0
1108464,1,0,0,1,1,0,168,2,12,0
1109817,0,1,1,0,1,0,168,2,12,0
1112327,1,0,1,0,0,0,168,2,12,0
1112649,1,1,0,0,0,0,168,2,12,0
1122727,0,1,0,1,0,0,61,2,12,0
1126487,1,1,1,1,1,0,61,2,12,0
1139106,0,0,1,1,0,0,61,2,12,0
1144600,0,0,0,0,1,0,61,2,12,0
1148197,1,0,1,0,0,0,61,2,12,0
1159119,0,1,0,1,0,0,61,2,12,0
1160751,0,0,1,1,0,0,61,2,12,0
1164323,0,0,0,0,1,0,61,2,12,0
1165696,1,0,1,0,0,0,61,2,12,0
1175671,0,0,1,1,0,0,61,2,12,0
1183191,0,1,0,1,0,0,184,2,12,0
1183196,0,1,1,0,1,0,184,2,12,0
1186164,0,0,1,1,0,0,184,2,12,0
1187207,1,0,0,1,1,0,184,2,12,0
1188407,1,0,0,0,1,1,184,2,12,0
1189316,0,0,0,0,1,0,184,2,12,0
1192654,1,0,0,1,1,0,184,2,12,0
1194067,0,1,0,1,0,0,184,2,12,0
1196000,0,1,1,0,1,0,184,2,12,0
1198221,1,1,1,1,1,0,184,2,12,0
1200150,1,0,0,1,1,0,184,2,12,0
1200265,1,1,1,1,1,0,184,2,12,0
1201602,0,0,1,1,0,0,184,2,12,0
1209494,0,1,0,1,0,0,184,2,12,0
1210160,1,1,0,0,0,0,184,2,12,0
1213429,0,0,1,1,0,0,184,2,12,0
1213709,1,0,1,0,0,0,184,2,12,0
1214766,0,1,1,0,1,0,184,2,12,0
1215595,1,0,0,1,1,0,184,2,12,0
1216008,0,1,1,0,1,0,184,2,12,0
1217568,0,0,1,1,0,0,184,2,12,0
1219812,1,0,0,1,1,0,184,2,12,0
1221573,1,0,1,0,0,0,184,2,12,0
1221964,0,0,1,1,0,0,184,2,12,0
1222377,0,1,0,1,0,0,184,2,12,0
1222475,0,0,1,1,0,0,184,2,12,0
1227899,1,0,0,1,1,0,184,2,12,0
1229538,0,1,1,1,1,1,184,2,12,0
1233252,0,0,0,1,1,1,184,2,12,0
1233358,0,1,0,1,0,0,184,2,12,0
1236182,1,1,0,0,0,0,184,2,12,0
1236841,1,0,1,0,0,0,184,2,12,0
1238424,1,1,1,1,1,0,184,2,12,0
1241998,1,1,0,0,0,0,184,2,12,0
1242179,0,0,1,1,0,0,184,2,12,0
1243365,0,0,1,1,0,0,184,2,12,0
1245389,1,1,1,1,1,0,91,3,12,0
1251483,0,1,1,0,1,0,91,3,12,0
1260560,0,0,0,0,1,0,91,3,12,0
1261210,0,1,1,1,1,1,91,3,12,0
1261927,0,1,0,1,0,0,91,3,12,0
1263286,1,1,1,1,1,0,91,3,12,0
1263307,1,0,0,1,1,0,91,3,12,0
1265127,1,1,1,1,1,0,91,3,12,0
1267739,0,1,1,0,1,0,91,3,12,0
1273172,0,0,1,1,0,0,91,3,12,0
1276221,1,1,1,1,1,0,91,3,12,0
1282845,1,1,1,1,1,0,91,3,12,0
1284524,0,1,0,0,0,0,91,3,12,0
1290138,0,1,0,1,0,0,91,3,12,0
1294008,0,1,1,0,1,0,91,3,12,0
1294442,0,1,0,1,0,0,91,3,12,0
1295929,0,1,0,1,0,0,91,3,12,0
1296068,1,1,0,0,0,0,91,3,12,0
1300447,1,1,1,1,1,0,91,3,12,0
1306332,1,1,0,0,0,0,91,3,12,0
1307567,1,1,0,0,0,0,91,3,12,0
1314139,0,1,0,1,0,0,111,3,12,0
1324904,1,1,0,0,0,0,111,3,12,0
1330968,1,0,0,1,1,0,111,3,12,0
1331348,1,1,1,1,1,0,111,3,12,0
1332774,1,1,0,0,0,0,111,3,12,0
1333034,0,1,0,1,0,0,111,3,12,0
1337079,1,0,0,1,1,0,111,3,12,0
1342161,0,0,0,0,1,0,111,3,12,0
1343142,0,1,0,1,0,0,111,3,12,0
1347020,1,1,0,0,0,0,111,3,12,0
1348242,1,0,0,1,1,0,111,3,12,0
1350767,1,1,1,1,1,0,111,3,12,0
1351786,0,1,0,1,0,0,111,3,12,0
1354377,1,1,1,1,1,0,111,3,12,0
1354632,1,0,0,1,1,0,111,3,12,0
1364815,0,1,0,1,0,0,111,3,12,0
1365724,0,0,1,1,0,0,111,3,12,0
1367812,1,0,1,0,0,0,111,3,12,0
1370171,1,0,0,1,1,0,111,3,12,0
1372644,0,0,0,0,1,0,111,3,12,0
1374300,0,1,1,0,1,0,111,3,12,0
1390495,0,0,0,0,1,0,33,3,12,0
1393056,0,0,1,1,0,0,33,3,12,0
1393340,0,0,1,1,0,0,33,3,12,0
1408054,1,0,1,0,0,0,33,3,12,0
1418919,0,0,1,1,0,0,33,3,12,0
1421214,0,1,1,0,1,0,33,3,12,0
1436603,1,1,0,0,0,0,33,3,12,0
1445906,0,0,1,1,0,0,81,3,12,0
1446161,1,1,1,1,1,0,81,3,12,0
1447157,1,0,0,1,1,0,81,3,12,0
1447544,0,1,0,1,0,0,81,3,12,0
1458671,0,0,0,0,1,0,81,3,12,0
1460234,1,0,0,1,1,0,81,3,12,0
1468308,1,1,0,0,0,0,81,3,12,0
1472573,1,0,1,0,0,0,81,3,12,0
1475136,0,1,0,1,0,0,81,3,12,0
1487871,1,0,0,1,1,0,81,3,12,0
1499613,1,0,0,1,1,0,81,3,12,0
1504629,0,1,1,0,1,0,81,3,12,0
1512109,0,1,1,0,1,0,34,3,12,0
1518504,0,1,0,1,0,0,34,3,12,0
1546608,0,0,1,1,0,0,34,3,12,0
1564837,1,1,1,1,1,0,34,3,12,0
1570300,1,1,0,0,0,0,34,3,12,0
1575406,1,1,0,0,0,0,159,3,12,0
1577043,0,1,1,0,1,0,159,3,12,0
1579652,1,0,1,0,0,0,159,3,12,0
1580026,0,1,1,0,1,0,159,3,12,0
1580503,1,0,1,0,0,0,159,3,12,0
1584111,1,1,1,1,1,0,159,3,12,0
1584850,1,0,0,0,1,1,159,3,12,0
1587051,0,1,0,0,0,0,159,3,12,0
1589517,0,1,1,0,1,0,159,3,12,0
1590831,1,0,0,1,1,0,159,3,12,0
1594610,1,1,0,0,0,0,159,3,12,0
1595263,1,1,1,1,1,0,159,3,12,0
1597413,1,1,0,0,0,0,159,3,12,0
1598206,1,1,1,1,1,0,159,3,12,0
1598248,0,1,1,0,1,0,159,3,12,0
1603082,0,1,0,1,0,0,159,3,12,0
1603236,1,0,0,1,1,0,159,3,12,0
1603638,0,1,1,0,1,0,159,3,12,0
1607163,1,1,0,0,0,0,159,3,12,0
1609429,1,1,0,0,0,0,159,3,12,0
1611001,0,1,1,0,1,0,159,3,12,0
1614276,0,1,0,1,0,0,159,3,12,0
1615013,0,1,0,1,0,0,159,3,12,0
1615070,0,0,0,0,1,0,159,3,12,0
1617363,0,1,1,0,1,0,159,3,12,0
1622563,0,1,0,1,0,0,159,3,12,0
1623158,1,0,0,1,1,0,159,3,12,0
1623160,1,1,1,1,1,0,159,3,12,0
1625466,0,1,1,0,1,0,159,3,12,0
1627055,0,1,1,0,1,0,159,3,12,0
1629478,0,1,1,0,1,0,159,3,12,0
1629487,1,1,0,0,0,0,159,3,12,0
1630577,0,1,1,0,1,0,159,3,12,0
1632320,1,0,1,0,0,0,159,3,12,0
1633891,1,1,1,1,1,0,159,3,12,0
1634650,1,0,0,1,1,0,159,3,12,0
1636137,1,0,0,1,1,0,159,3,12,0
1643584,0,1,1,0,1,0,157,3,12,0
1644741,0,0,0,0,1,0,157,3,12,0
1645648,0,1,1,0,1,0,157,3,12,0
1645715,0,1,1,0,1,0,157,3,12,0
1645774,1,0,0,1,1,0,157,3,12,0
1647075,0,1,0,1,0,0,157,3,12,0
1650059,1,1,0,0,0,0,157,3,12,0
1650545,1,0,1,0,0,0,157,3,12,0
1652561,1,1,0,0,0,0,157,3,12,0
1653780,0,0,1,0,0,0,157,3,12,0
1654100,1,1,0,0,0,0,157,3,12,0
1654535,0,1,1,0,1,0,157,3,12,0
1655987,0,0,0,0,1,0,157,3,12,0
1656117,1,1,1,1,1,0,157,3,12,0
1656642,0,1,1,0,1,0,157,3,12,0
1660977,0,1,1,0,1,0,157,3,12,0
1662319,1,1,0,0,0,0,157,3,12,0
1666910,1,1,1,1,1,0,157,3,12,0
1667417,1,0,0,1,1,0,157,3,12,0
1667769,1,0,0,1,1,0,157,3,12,0
1668736,1,1,1,1,1,0,157,3,12,0
1669328,1,0,0,1,1,0,157,3,12,0
1670215,1,0,0,1,1,0,157,3,12,0
1675083,0,1,0,1,0,0,157,3,12,0
1684101,0,0,0,1,1,1,157,3,12,0
1695430,0,0,1,1,0,0,157,3,12,0
1695818,1,1,0,0,0,0,157,3,12,0
1697900,1,1,1,1,1,0,157,3,12,0
1698842,1,1,0,0,0,0,157,3,12,0
1699571,0,0,1,1,0,0,157,3,12,0
1700629,0,1,0,1,0,0,157,3,12,0
1702115,1,0,0,1,1,0,157,3,12,0
1702496,1,1,0,0,0,0,157,3,12,0
1702894,1,0,1,1,0,0,157,3,12,0
1703113,0,0,1,1,0,0,157,3,12,0
1710953,1,1,0,0,0,0,9,3,12,0
1772106,1,0,0,1,1,0,105,3,12,0
1776571,0,1,1,0,1,0,105,3,12,0
1785290,1,0,1,0,0,0,105,3,12,0
1787206,0,1,0,1,0,0,105,3,12,0
1787465,0,0,1,1,0,0,105,3,12,0
1793538,0,0,0,0,1,0,105,3,12,0
1797277,1,1,1,1,1,0,105,3,12,0
1797348,0,0,0,0,1,0,105,3,12,0
1798020,0,1,0,1,0,0,105,3,12,0
1802589,1,0,0,1,1,0,105,3,12,0
1805353,1,1,1,1,1,0,105,3,12,0
1808723,0,1,1,0,1,0,105,3,12,0
1811643,0,1,0,1,0,0,105,3,12,0
1813984,1,0,1,0,0,0,105,3,12,0
1818029,1,0,1,0,0,0,105,3,12,0
1819013,0,1,1,0,1,0,105,3,12,0
1821745,0,0,1,1,0,0,105,3,12,0
1824802,0,0,1,1,0,0,105,3,12,0
1825447,0,1,1,1,1,1,105,3,12,0
1827825,1,1,0,0,0,0,105,3,12,0
1832133,0,1,1,0,1,0,105,3,12,0
1839143,0,0,1,1,0,0,255,3,12,0
1839432,0,0,0,0,1,0,255,3,12,0
1839623,1,0,0,1,1,0,255,3,12,0
1841020,0,0,0,0,1,0,255,3,12,0
1841045,0,0,0,0,1,0,255,3,12,0
1842760,0,0,0,0,1,0,255,3,12,0
1844159,1,1,1,1,1,0,255,3,12,0
1845389,0,0,1,1,0,0,255,3,12,0
1848187,1,1,0,0,0,0,255,3,12,0
1848263,1,1,1,1,1,0,255,3,12,0
1848795,1,0,1,0,0,0,255,3,12,0
1850319,0,0,0,0,1,0,255,3,12,0
1850821,0,1,1,0,1,0,255,3,12,0
1851266,0,1,0,1,0,0,255,3,12,0
1851443,0,0,0,0,1,0,255,3,12,0
1852870,0,0,0,0,1,0,255,3,12,0
1855697,1,0,1,0,0,0,255,3,12,0
1857555,0,0,0,0,1,0,255,3,12,0
1857645,1,0,0,1,1,0,255,3,12,0
1858458,0,0,1,1,0,0,255,3,12,0
1859786,0,0,0,0,1,0,255,3,12,0
1861882,1,0,1,0,0,0,255,3,12,0
1862664,1,0,0,1,1,0,255,3,12,0
1862903,0,1,1,0,1,0,255,3,12,0
1863589,0,0,0,1,1,1,255,3,12,0
1864426,1,1,1,1,1,0,255,3,12,0
1868285,1,0,1,0,0,0,255,3,12,0
1872100,1,1,1,1,1,0,255,3,12,0
1874834,0,1,0,1,0,0,255,3,12,0
1875334,1,0,0,1,1,0,255,3,12,0
1877575,0,1,0,0,0,0,255,3,12,0
1877764,1,1,1,1,1,0,255,3,12,0
1878962,1,0,1,0,0,0,255,3,12,0
1879460,1,1,1,1,1,0,255,3,12,0
1880370,0,0,1,1,0,0,255,3,12,0
1883918,1,1,0,0,0,0,255,3,12,0
1884198,1,1,1,1,1,0,255,3,12,0
1884545,1,1,1,1,1,0,255,3,12,0
1886946,0,0,0,0,1,0,255,3,12,0
1887622,1,1,1,1,1,0,255,3,12,0
1888157,1,0,0,1,1,0,255,3,12,0
1888553,1,1,1,1,1,0,255,3,12,0
1893060,0,0,1,1,0,0,255,3,12,0
1894047,1,0,1,0,0,0,255,3,12,0
1896944,1,0,0,1,1,0,255,3,12,0
1896959,0,1,1,0,1,0,255,3,12,0
1897166,0,0,0,0,1,0,255,3,12,0
1898622,1,1,0,0,0,0,255,3,12,0
1899370,1,1,1,1,1,0,255,3,12,0
1899387,0,0,0,0,1,0,255,3,12,0
1899480,0,1,1,0,1,0,255,3,12,0
1899650,0,0,1,1,0,0,255,3,12,0
1900302,0,1,0,1,0,0,255,3,12,0
1903332,1,0,0,1,1,0,126,3,12,0
1903948,1,1,0,0,0,0,126,3,12,0
1904293,1,1,0,0,0,0,126,3,12,0
1907341,1,1,1,1,1,0,126,3,12,0
1914046,1,1,0,0,0,0,126,3,12,0
1919068,0,0,0,0,1,0,126,3,12,0
1920042,1,1,1,1,1,0,126,3,12,0
1924839,0,1,0,1,0,0,126,3,12,0
1926129,1,1,0,0,0,0,126,3,12,0
1926744,0,0,0,0,1,0,126,3,12,0
1928345,1,0,0,1,1,0,126,3,12,0
1928412,0,0,1,1,0,0,126,3,12,0
1929053,0,1,1,0,1,0,126,3,12,0
1929797,0,0,1,1,0,0,126,3,12,0
1935868,0,1,0,1,0,0,126,3,12,0
1936610,0,0,1,1,0,0,126,3,12,0
1938376,1,0,1,1,0,0,126,3,12,0
1938720,0,1,1,0,1,0,126,3,12,0
1938988,0,1,1,0,1,0,126,3,12,0
1942995,0,0,1,1,0,0,126,3,12,0
1943083,0,1,0,1,0,0,126,3,12,0
1944953,1,1,1,1,1,0,126,3,12,0
1963423,1,1,1,1,1,0,126,3,12,0
1977485,1,1,1,1,1,0,50,3,12,0
1989319,1,0,0,1,1,0,50,3,12,0
1989700,1,1,1,1,1,0,50,3,12,0
1989851,0,1,0,1,0,0,50,3,12,0
1991505,0,0,1,1,0,0,50,3,12,0
2001803,1,0,1,0,0,0,50,3,12,0
2004646,1,1,0,0,0,0,50,3,12,0
2012536,0,1,1,0,1,0,50,3,12,0
2018066,1,1,0,0,0,0,50,3,12,0
2021627,1,0,1,0,0,0,50,3,12,0
2028652,0,1,1,0,1,0,50,3,12,0
2029469,1,0,1,0,0,0,50,3,12,0
2032139,1,1,0,1,0,0,55,3,12,0
2040214,1,1,0,1,0,0,55,3,12,0
2043707,1,1,1,1,1,0,55,3,12,0
2044970,0,1,1,0,1,0,55,3,12,0
2046130,1,0,1,0,0,0,55,3,12,0
2065112,1,1,0,0,0,0,55,3,12,0
2066840,1,0,1,0,0,0,55,3,12,0
2067837,0,1,0,1,0,0,55,3,12,0
2071791,0,1,1,0,1,0,55,3,12,0
2075445,0,1,1,0,1,0,55,3,12,0
2079256,1,1,0,0,0,0,55,3,12,0
2082034,1,1,0,0,0,0,55,3,12,0
2082328,0,0,1,1,0,0,55,3,12,0
2084540,0,1,0,1,0,0,55,3,12,0
2093721,1,0,1,0,0,0,55,3,12,0
2134749,0,1,0,0,0,0,8,3,12,0
2162904,0,0,0,0,1,0,255,3,12,0
2163962,1,0,1,0,0,0,255,3,12,0
2163967,1,1,0,0,0,0,255,3,12,0
2164514,1,0,1,0,0,0,255,3,12,0
2164604,1,0,1,0,0,0,255,3,12,0
2164690,1,1,1,1,1,0,255,3,12,0
2165345,1,1,0,0,0,0,255,3,12,0
2166342,1,1,1,1,1,0,255,3,12,0
2166447,1,1,0,0,0,0,255,3,12,0
2166483,1,0,0,1,1,0,255,3,12,0
2167280,0,1,1,0,1,0,255,3,12,0
2168745,1,1,1,1,1,0,255,3,12,0
2169086,1,0,1,0,0,0,255,3,12,0
2169149,1,0,1,0,0,0,255,3,12,0
2170234,1,1,1,1,1,0,255,3,12,0
2170292,0,1,0,1,0,0,255,3,12,0
2170383,1,1,0,0,0,0,255,3,12,0
2170789,1,0,0,1,1,0,255,3,12,0
2171302,0,0,1,1,0,0,255,3,12,0
2172833,0,1,1,0,1,0,255,3,12,0
2173040,0,1,1,0,1,0,255,3,12,0
2173082,0,1,1,0,1,0,255,3,12,0
2173314,1,1,1,1,1,0,255,3,12,0
2173962,0,0,0,0,1,0,255,3,12,0
2174665,0,1,0,1,0,0,255,3,12,0
2175010,1,1,0,1,0,0,255,3,12,0
2175113,0,1,1,0,1,0,255,3,12,0
2175281,1,1,1,1,1,0,255,3,12,0
2175433,1,0,0,1,1,0,255,3,12,0
2175664,1,1,0,0,0,0,255,3,12,0
2176015,0,0,1,1,0,0,255,3,12,0
2176468,0,0,0,1,1,1,255,3,12,0
2176767,0,0,0,0,1,0,255,3,12,0
2176998,0,0,1,1,0,0,255,3,12,0
2177475,0,1,1,0,1,0,255,3,12,0
2177695,1,1,1,1,1,0,255,3,12,0
2178452,0,1,0,1,0,0,255,3,12,0
2178691,1,0,0,1,1,0,255,3,12,0
2178996,0,1,0,1,0,0,255,3,12,0
2179450,1,1,0,0,0,0,255,3,12,0
2180641,1,0,1,0,0,0,255,3,12,0
2181074,0,1,1,0,1,0,255,3,12,0
2182076,1,0,0,1,1,0,255,3,12,0
2182640,0,0,0,0,1,0,255,3,12,0
2183217,1,1,0,0,0,0,255,3,12,0
2183560,0,0,0,0,1,0,255,3,12,0
2185404,0,0,1,1,0,0,255,3,12,0
2186761,0,1,1,0,1,0,255,3,12,0
2186782,0,0,1,1,0,0,255,3,12,0
2187104,0,0,0,0,1,0,255,3,12,0
2187175,0,0,0,0,1,0,255,3,12,0
2187815,0,1,0,1,0,0,255,3,12,0
2188619,0,1,0,1,0,0,255,3,12,0
2190051,0,0,1,1,0,0,255,3,12,0
2190482,1,1,0,0,0,0,255,3,12,0
2191039,0,0,1,1,0,0,255,3,12,0
2192316,1,0,0,1,1,0,255,3,12,0
2193150,0,1,0,1,0,0,255,3,12,0
2193819,1,0,0,1,1,0,255,3,12,0
2193915,1,0,1,0,0,0,255,3,12,0
2194470,0,1,0,1,0,0,255,3,12,0
2194806,1,0,0,1,1,0,255,3,12,0
2195154,0,1,1,0,1,0,255,3,12,0
2195607,0,0,0,0,1,0,255,3,12,0
2197132,0,1,1,0,1,0,255,3,12,0
2197286,1,0,0,1,1,0,255,3,12,0
2197612,0,1,1,0,1,0,255,3,12,0
2197646,1,1,1,1,1,0,255,3,12,0
2197719,0,1,0,1,0,0,255,3,12,0
2198110,1,0,1,0,0,0,255,3,12,0
2198402,0,0,1,1,0,0,255,3,12,0
2199625,1,0,0,1,1,0,255,3,12,0
2199632,0,0,0,0,1,0,255,3,12,0
2199718,0,0,0,0,1,0,255,3,12,0
2200025,1,1,0,0,0,0,255,3,12,0
2200223,0,1,0,1,0,0,255,3,12,0
2200381,1,1,1,1,1,0,255,3,12,0
2200430,1,1,1,1,1,0,255,3,12,0
2202179,0,0,0,0,1,0,255,3,12,0
2202336,0,0,0,0,1,0,255,3,12,0
2202592,0,0,0,0,1,0,255,3,12,0
2204358,0,0,1,1,0,0,255,3,12,0
2205204,1,1,1,1,1,0,255,3,12,0
2205288,0,1,0,1,0,0,255,3,12,0
2205717,0,1,1,0,1,0,255,3,12,0
2205942,1,1,0,1,0,0,255,3,12,0
2206487,0,1,1,0,1,0,255,3,12,0
2206637,0,0,0,0,1,0,255,3,12,0
2207517,1,1,1,1,1,0,255,3,12,0
2207547,0,0,0,0,1,0,255,3,12,0
2208475,1,0,1,0,0,0,255,3,12,0
2208557,1,0,1,0,0,0,255,3,12,0
2209123,1,0,1,0,0,0,255,3,12,0
2209259,1,1,1,1,1,0,255,3,12,0
2210102,1,1,0,0,0,0,255,3,12,0
2210363,1,1,0,0,0,0,255,3,12,0
2211520,1,1,1,1,1,0,255,3,12,0
2211614,0,0,1,1,0,0,255,3,12,0
2211770,0,1,1,0,1,0,255,3,12,0
2212334,0,1,1,0,1,0,255,3,12,0
2212487,1,1,1,1,1,0,255,3,12,0
2212765,1,0,1,0,0,0,255,3,12,0
2213028,1,1,0,0,0,0,255,3,12,0
2213324,1,1,1,1,1,0,255,3,12,0
2214258,0,0,1,1,0,0,255,3,12,0
2214328,0,0,0,0,1,0,255,3,12,0
2215657,0,0,1,1,0,0,255,3,12,0
2216021,0,1,0,1,0,0,255,3,12,0
2216082,0,0,1,1,0,0,255,3,12,0
2217308,1,0,1,0,0,0,255,3,12,0
2218522,0,0,1,1,0,0,255,3,12,0
2218944,1,1,1,1,1,0,255,3,12,0
2219449,0,1,1,0,1,0,255,3,12,0
2219537,1,0,0,1,1,0,255,3,12,0
2222224,0,0,0,0,1,0,255,3,12,0
2222622,0,0,1,1,0,0,255,3,12,0
2222874,0,1,1,1,1,1,255,3,12,0
2223289,0,0,1,1,0,0,255,3,12,0
2223302,1,0,1,0,0,0,255,3,12,0
2224659,1,0,1,0,0,0,255,3,12,0
2224990,1,1,0,1,0,0,255,3,12,0
2225032,1,0,1,1,0,0,255,3,12,0
2225294,1,1,0,0,0,0,255,3,12,0
2225717,0,0,1,1,0,0,255,3,12,0
2226263,1,0,0,1,1,0,255,3,12,0
2226474,1,1,0,0,0,0,255,3,12,0
2226812,1,0,0,1,1,0,255,3,12,0
2227190,0,0,0,0,1,0,255,3,12,0
2281020,0,1,1,0,1,0,0,2,12,0
2348356,1,0,1,0,0,0,0,2,12,0
2354776,1,1,1,1,1,0,0,2,12,0
2360046,1,0,0,1,1,0,121,2,12,0
2360229,0,1,1,0,1,0,121,2,12,0
2366173,0,1,0,1,0,0,121,2,12,0
2370562,1,1,0,0,0,0,121,2,12,0
2370802,0,1,0,1,0,0,121,2,12,0
2374007,1,0,0,1,1,0,121,2,12,0
2375581,0,1,0,1,0,0,121,2,12,0
2377516,1,0,0,1,1,0,121,2,12,0
2378741,1,0,1,0,0,0,121,2,12,0
2385749,0,1,1,0,1,0,121,2,12,0
2388689,1,1,1,1,1,0,121,2,12,0
2389992,0,1,1,0,1,0,121,2,12,0
2390518,0,0,0,0,1,0,121,2,12,0
2390921,0,1,0,1,0,0,121,2,12,0
2393248,1,1,1,1,1,0,121,2,12,0
2393314,1,1,0,0,0,0,121,2,12,0
2393695,0,1,1,0,1,0,121,2,12,0
2395518,0,1,1,0,1,0,121,2,12,0
2399048,0,0,1,1,0,0,121,2,12,0
2399355,1,1,0,0,0,0,121,2,12,0
2399397,1,0,1,0,0,0,121,2,12,0
2401853,1,1,0,0,0,0,121,2,12,0
2402830,1,1,0,0,0,0,121,2,12,0
2405205,0,1,0,1,0,0,121,2,12,0
2409344,0,0,0,0,1,0,121,2,12,0
2411762,0,1,1,0,1,0,121,2,12,0
2417522,0,0,1,1,0,0,121,2,12,0
2431361,0,1,0,1,0,0,43,2,12,0
2431746,1,0,1,0,0,0,43,2,12,0
2477009,1,1,0,0,0,0,43,2,12,0
2481697,1,1,1,1,1,0,43,2,12,0
2483403,1,0,1,0,0,0,43,2,12,0
2489606,0,1,0,1,0,0,43,2,12,0
2509047,1,0,1,0,0,0,14,2,12,0
2533621,1,0,1,0,0,0,14,2,12,0
2546290,1,0,0,0,1,1,14,2,12,0
2554012,0,1,0,1,0,0,14,2,12,0
2556195,1,1,1,1,1,0,255,2,12,0
2557161,1,0,1,0,0,0,255,2,12,0
2558002,0,1,0,1,0,0,255,2,12,0
2558016,0,1,1,0,1,0,255,2,12,0
2558076,0,1,1,0,1,0,255,2,12,0
2558125,0,1,1,0,1,0,255,2,12,0
2558618,1,0,1,0,0,0,255,2,12,0
2559016,1,1,0,0,0,0,255,2,12,0
2559190,1,0,0,1,1,0,255,2,12,0
2560777,0,0,0,0,1,0,255,2,12,0
2561113,0,0,0,0,1,0,255,2,12,0
2561238,1,0,0,1,1,0,255,2,12,0
2561522,0,1,1,0,1,0,255,2,12,0
2562192,1,1,1,0,1,1,255,2,12,0
2562813,0,0,0,0,1,0,255,2,12,0
2563163,1,0,0,1,1,0,255,2,12,0
2564186,1,1,1,1,1,0,255,2,12,0
2564401,1,1,1,1,1,0,255,2,12,0
2564571,0,0,0,0,1,0,255,2,12,0
2565022,1,0,1,0,0,0,255,2,12,0
2565833,0,0,1,1,0,0,255,2,12,0
2567622,1,1,1,1,1,0,255,2,12,0
2568387,1,0,1,0,0,0,255,2,12,0
2568399,1,0,1,0,0,0,255,2,12,0
2569625,1,0,0,1,1,0,255,2,12,0
2569704,1,0,0,1,1,0,255,2,12,0
2570520,0,1,0,1,0,0,255,2,12,0
2572038,0,1,0,1,0,0,255,2,12,0
2572730,1,0,1,0,0,0,255,2,12,0
2573120,0,1,0,1,0,0,255,2,12,0
2573654,1,1,1,1,1,0,255,2,12,0
2574020,0,0,1,1,0,0,255,2,12,0
2574043,1,0,1,1,0,0,255,2,12,0
2574365,1,1,1,1,1,0,255,2,12,0
2574862,1,0,1,0,0,0,255,2,12,0
2575679,1,1,0,0,0,0,255,2,12,0
2575929,1,0,0,1,1,0,255,2,12,0
2575953,0,0,1,1,0,0,255,2,12,0
2576085,1,1,0,1,0,0,255,2,12,0
2576104,1,1,0,0,0,0,255,2,12,0
2576423,0,1,0,1,0,0,255,2,12,0
2576467,1,0,1,0,0,0,255,2,12,0
2576701,0,0,0,0,1,0,255,2,12,0
2576772,0,1,0,1,0,0,255,2,12,0
2577686,1,0,1,0,0,0,255,2,12,0
2579755,0,1,0,1,0,0,255,2,12,0
2579811,1,1,1,0,1,1,255,2,12,0
2580692,0,0,1,1,0,0,255,2,12,0
2581130,0,1,1,0,1,0,255,2,12,0
2581222,0,1,1,0,1,0,255,2,12,0
2581632,1,0,0,1,1,0,255,2,12,0
2582638,0,1,1,0,1,0,255,2,12,0
2583381,0,0,1,1,0,0,255,2,12,0
2583467,0,1,1,0,1,0,255,2,12,0
2584045,0,1,1,0,1,0,255,2,12,0
2584219,0,0,0,0,1,0,255,2,12,0
2584810,0,0,0,0,1,0,255,2,12,0
2586061,0,0,1,1,0,0,255,2,12,0
2586314,1,1,1,1,1,0,255,2,12,0
2586374,0,0,1,1,0,0,255,2,12,0
2587932,1,0,0,1,1,0,255,2,12,0
2588498,0,0,0,0,1,0,255,2,12,0
2588559,0,0,0,0,1,0,255,2,12,0
2588844,1,0,1,0,0,0,255,2,12,0
2589259,0,0,0,0,1,0,255,2,12,0
2589555,0,1,0,1,0,0,255,2,12,0
2589740,0,0,0,0,1,0,255,2,12,0
2591078,0,1,0,1,0,0,255,2,12,0
2591130,1,1,1,1,1,0,255,2,12,0
2591883,0,0,1,1,0,0,255,2,12,0
2593929,0,0,1,0,0,0,255,2,12,0
2594531,0,0,0,0,1,0,255,2,12,0
2594633,1,1,0,0,0,0,255,2,12,0
2594932,0,1,0,1,0,0,255,2,12,0
2594983,1,1,0,0,0,0,255,2,12,0
2595317,0,0,0,0,1,0,255,2,12,0
2595813,1,1,1,1,1,0,255,2,12,0
2597039,1,1,1,1,1,0,255,2,12,0
2597334,0,0,0,0,1,0,255,2,12,0
2599216,0,1,0,1,0,0,255,2,12,0
2599885,1,1,1,1,1,0,255,2,12,0
2601098,0,0,1,1,0,0,255,2,12,0
2601159,0,1,1,0,1,0,255,2,12,0
2601815,0,1,0,1,0,0,255,2,12,0
2601987,0,1,1,0,1,0,255,2,12,0
2602235,1,1,1,1,1,0,255,2,12,0
2602630,1,1,0,0,0,0,255,2,12,0
2603669,1,0,0,0,1,1,255,2,12,0
2603826,0,1,0,1,0,0,255,2,12,0
2604777,1,0,1,0,0,0,255,2,12,0
2604945,0,0,0,0,1,0,255,2,12,0
2605310,1,0,0,1,1,0,255,2,12,0
2606672,1,0,0,1,1,0,255,2,12,0
2607110,1,0,1,0,0,0,255,2,12,0
2607441,0,1,0,1,0,0,255,2,12,0
2607461,0,0,0,0,1,0,255,2,12,0
2608184,1,1,1,1,1,0,255,2,12,0
2608376,1,1,0,0,0,0,255,2,12,0
2609394,0,1,1,0,1,0,255,2,12,0
2610322,1,0,0,1,1,0,255,2,12,0
2610388,0,0,1,1,0,0,255,2,12,0
2610892,0,0,1,1,0,0,255,2,12,0
2611258,1,1,1,1,1,0,255,2,12,0
2611710,1,1,1,0,1,1,255,2,12,0
2612113,1,0,0,1,1,0,255,2,12,0
2612610,1,0,1,0,0,0,255,2,12,0
2612986,0,1,0,1,0,0,255,2,12,0
2613113,1,1,1,1,1,0,255,2,12,0
2613314,0,0,0,0,1,0,255,2,12,0
2614193,0,1,0,1,0,0,255,2,12,0
2614357,1,1,0,0,0,0,255,2,12,0
2614953,0,1,0,1,0,0,255,2,12,0
2616044,0,1,0,1,0,0,255,2,12,0
2616142,1,0,1,0,0,0,255,2,12,0
2617332,1,0,0,1,1,0,255,2,12,0
2618011,0,0,1,1,0,0,255,2,12,0
2618250,0,1,0,1,0,0,255,2,12,0
2618295,1,0,1,0,0,0,255,2,12,0
2618680,1,1,1,1,1,0,255,2,12,0
2619641,0,0,1,1,0,0,255,2,12,0
2620079,0,0,0,0,1,0,255,2,12,0
2620271,1,1,0,0,0,0,255,2,12,0
2630761,0,0,1,1,0,0,40,2,12,0
2631036,1,0,1,0,0,0,40,2,12,0
2633938,0,1,1,1,1,1,40,2,12,0
2638069,0,1,0,1,0,0,40,2,12,0
2641641,1,1,1,1,1,0,40,2,12,0
2642890,0,1,0,1,0,0,40,2,12,0
2645706,0,1,0,1,0,0,40,2,12,0
2648615,0,1,1,0,1,0,40,2,12,0
2651155,1,1,1,1,1,0,40,2,12,0
2654723,1,0,0,1,1,0,40,2,12,0
2669448,1,0,0,1,1,0,40,2,12,0
2672653,1,1,1,1,1,0,40,2,12,0
2687756,1,1,0,0,0,0,166,2,12,0
2689401,1,1,0,0,0,0,166,2,12,0
2692478,0,1,0,1,0,0,166,2,12,0
2692488,1,1,1,1,1,0,166,2,12,0
2693507,1,1,1,1,1,0,166,2,12,0
2694144,0,0,0,0,1,0,166,2,12,0
2696529,0,1,0,1,0,0,166,2,12,0
2697481,1,0,1,0,0,0,166,2,12,0
2698165,0,0,0,0,1,0,166,2,12,0
2698287,1,1,0,0,0,0,166,2,12,0
2700613,1,1,0,0,0,0,166,2,12,0
2703471,0,1,1,0,1,0,166,2,12,0
2706580,0,0,0,0,1,0,166,2,12,0
2709600,0,0,0,0,1,0,166,2,12,0
2709621,0,0,0,0,1,0,166,2,12,0
2709669,1,1,0,0,0,0,166,2,12,0
2712449,0,0,1,1,0,0,166,2,12,0
2712685,1,0,0,1,1,0,166,2,12,0
2714519,0,0,1,1,0,0,166,2,12,0
2714746,0,1,1,0,1,0,166,2,12,0
2717992,0,0,1,1,0,0,166,2,12,0
2718535,1,0,1,0,0,0,166,2,12,0
2719770,0,0,1,1,0,0,166,2,12,0
2720804,1,0,0,1,1,0,166,2,12,0
2721004,1,0,1,0,0,0,166,2,12,0
2722217,1,0,0,1,1,0,166,2,12,0
2729825,1,0,0,1,1,0,166,2,12,0
2730733,1,0,1,0,0,0,166,2,12,0
2733145,1,1,0,0,0,0,166,2,12,0
2735023,1,0,0,1,1,0,166,2,12,0
2739009,0,1,0,1,0,0,166,2,12,0
2742956,0,0,0,0,1,0,166,2,12,0
2744222,0,0,1,1,0,0,166,2,12,0
2745993,1,0,1,0,0,0,166,2,12,0
2746758,0,1,0,1,0,0,166,2,12,0
2748745,1,1,0,0,0,0,166,2,12,0
2749328,0,1,0,0,0,0,166,2,12,0
2751911,0,1,0,1,0,0,166,2,12,0
2752324,1,0,0,1,1,0,166,2,12,0
2772754,1,1,1,1,1,0,22,2,12,0
2784426,0,0,1,1,0,0,22,2,12,0
2791628,1,1,0,0,0,0,22,2,12,0
2802786,0,0,0,0,1,0,22,2,12,0
2823104,1,0,0,1,1,0,109,2,12,0
2831232,0,1,1,0,1,0,109,2,12,0
2831640,1,1,1,1,1,0,109,2,12,0
2832965,0,0,0,0,1,0,109,2,12,0
2833116,0,0,0,0,1,0,109,2,12,0
2842043,1,0,0,1,1,0,109,2,12,0
2848234,0,0,0,0,1,0,109,2,12,0
2849552,0,1,1,0,1,0,109,2,12,0
2850928,1,1,0,0,0,0,109,2,12,0
2851275,0,0,0,0,1,0,109,2,12,0
2854676,1,1,1,1,1,0,109,2,12,0
2858343,0,1,0,1,0,0,109,2,12,0
2862208,1,1,1,0,1,1,109,2,12,0
2862932,0,0,0,0,1,0,109,2,12,0
2864507,0,0,0,0,1,0,109,2,12,0
2866137,0,1,0,1,0,0,109,2,12,0
2870472,0,1,1,0,1,0,109,2,12,0
2880192,0,1,1,0,1,0,109,2,12,0
2881264,1,1,1,1,1,0,109,2,12,0
2881326,0,1,1,0,1,0,109,2,12,0
2885821,1,0,1,0,0,0,99,2,12,0
2891851,1,1,1,1,1,0,99,2,12,0
2893173,1,0,0,1,1,0,99,2,12,0
2898967,0,1,0,1,0,0,99,2,12,0
2901679,1,0,1,0,0,0,99,2,12,0
2902156,1,0,1,0,0,0,99,2,12,0
2902549,0,1,0,1,0,0,99,2,12,0
2905141,1,1,1,1,1,0,99,2,12,0
2905297,1,0,1,0,0,0,99,2,12,0
2905650,0,0,1,1,0,0,99,2,12,0
2909887,0,0,0,0,1,0,99,2,12,0
2910193,1,0,0,0,1,1,99,2,12,0
2916543,1,0,1,1,0,0,99,2,12,0
2917244,1,1,1,1,1,0,99,2,12,0
2917970,1,1,0,0,0,0,99,2,12,0
2918519,0,0,1,1,0,0,99,2,12,0
2919619,0,0,1,1,0,0,99,2,12,0
2928094,1,0,1,0,0,0,99,2,12,0
2929070,1,0,1,0,0,0,99,2,12,0
2929577,0,0,1,0,0,0,99,2,12,0
2930829,1,1,1,1,1,0,99,2,12,0
2932789,1,0,0,1,1,0,99,2,12,0
2937961,0,1,1,0,1,0,99,2,12,0
2938394,0,1,0,1,0,0,99,2,12,0
2938777,1,0,1,0,0,0,99,2,12,0
2939429,1,0,0,0,1,1,99,2,12,0
2944030,1,0,0,1,1,0,99,2,12,0
2948857,1,1,1,1,1,0,99,2,12,0
2953250,0,0,1,1,0,0,77,2,12,0
2962836,1,1,1,1,1,0,77,2,12,0
2968653,0,1,1,0,1,0,77,2,12,0
2972084,0,1,1,0,1,0,77,2,12,0
2974867,1,0,0,1,1,0,77,2,12,0
2975384,0,1,1,0,1,0,77,2,12,0
2980342,1,0,0,1,1,0,77,2,12,0
2983279,0,1,0,1,0,0,77,2,12,0
2987934,0,1,0,1,0,0,77,2,12,0
2991061,1,0,0,1,1,0,77,2,12,0
3000614,0,0,1,1,0,0,77,2,12,0
3003955,1,0,0,1,1,0,77,2,12,0
3005068,1,1,0,0,0,0,77,2,12,0
3005433,1,0,1,0,0,0,77,2,12,0
3008244,1,1,0,1,0,0,77,2,12,0
3009055,1,1,1,1,1,0,77,2,12,0
3009126,0,0,1,1,0,0,77,2,12,0
3013155,0,0,1,1,0,0,77,2,12,0
3015933,1,1,0,0,0,0,220,2,12,0
3016392,1,0,1,0,0,0,220,2,12,0
3019509,1,0,0,1,1,0,220,2,12,0
3021652,0,1,1,0,1,0,220,2,12,0
3025287,0,1,0,1,0,0,220,2,12,0
3026541,0,1,0,1,0,0,220,2,12,0
3026970,1,1,1,1,1,0,220,2,12,0
3027239,1,1,1,1,1,0,220,2,12,0
3028034,1,1,1,1,1,0,220,2,12,0
3028138,1,1,1,1,1,0,220,2,12,0
3028997,1,0,1,1,0,0,220,2,12,0
3029485,1,0,1,0,0,0,220,2,12,0
3031701,1,1,1,1,1,0,220,2,12,0
3033414,1,1,0,0,0,0,220,2,12,0
3033517,1,1,0,0,0,0,220,2,12,0
3033534,1,1,1,1,1,0,220,2,12,0
3035826,0,0,0,0,1,0,220,2,12,0
3036013,1,0,1,0,0,0,220,2,12,0
3036413,1,0,0,1,1,0,220,2,12,0
3037275,0,1,0,1,0,0,220,2,12,0
3042178,1,1,1,1,1,0,220,2,12,0
3042405,0,0,1,1,0,0,220,2,12,0
3043075,0,1,1,0,1,0,220,2,12,0
3043629,1,1,0,0,0,0,220,2,12,0
3044568,0,1,0,1,0,0,220,2,12,0
3044720,0,0,0,0,1,0,220,2,12,0
3045276,1,1,0,0,0,0,220,2,12,0
3047817,1,0,0,1,1,0,220,2,12,0
3048600,0,1,0,1,0,0,220,2,12,0
3048855,1,0,1,0,0,0,220,2,12,0
3050661,1,0,0,1,1,0,220,2,12,0
3051884,1,1,0,0,0,0,220,2,12,0
3052545,1,1,1,1,1,0,220,2,12,0
3054485,0,1,1,0,1,0,220,2,12,0
3060674,1,1,0,0,0,0,220,2,12,0
3061323,0,1,0,1,0,0,220,2,12,0
3061714,0,0,1,1,0,0,220,2,12,0
3068356,0,1,0,1,0,0,220,2,12,0
3069980,1,0,0,1,1,0,220,2,12,0
3070093,1,1,0,0,0,0,220,2,12,0
3071726,1,0,0,1,1,0,220,2,12,0
3073816,0,0,0,0,1,0,220,2,12,0
3073903,1,1,0,0,0,0,220,2,12,0
3074253,1,0,0,1,1,0,220,2,12,0
3076802,0,0,0,0,1,0,220,2,12,0
3079002,0,1,0,1,0,0,220,2,12,0
3079207,0,1,1,0,1,0,220,2,12,0
3097316,0,1,1,0,1,0,25,2,12,0
3104667,1,0,1,0,0,0,25,2,12,0
3117902,0,0,1,1,0,0,25,2,12,0
3118403,0,1,1,0,1,0,25,2,12,0
3133741,1,0,0,1,1,0,25,2,12,0
3134423,1,0,1,0,0,0,25,2,12,0
3147638,0,1,0,1,0,0,255,2,12,0
3148346,1,0,0,1,1,0,255,2,12,0
3148518,1,1,0,0,0,0,255,2,12,0
3148664,0,0,0,0,1,0,255,2,12,0
3150147,0,1,0,1,0,0,255,2,12,0
3150249,1,0,1,0,0,0,255,2,12,0
3150537,0,1,0,0,0,0,255,2,12,0
3151484,1,0,1,0,0,0,255,2,12,0
3151682,1,1,0,0,0,0,255,2,12,0
3152219,1,0,0,1,1,0,255,2,12,0
3152566,0,0,1,1,0,0,255,2,12,0
3152999,1,0,1,0,0,0,255,2,12,0
3153159,0,0,1,1,0,0,255,2,12,0
3154467,1,0,0,1,1,0,255,2,12,0
3156064,0,0,1,1,0,0,255,2,12,0
3157755,1,0,0,1,1,0,255,2,12,0
3158038,1,0,0,1,1,0,255,2,12,0
3158145,1,1,1,1,1,0,255,2,12,0
3158378,1,0,1,0,0,0,255,2,12,0
3158669,1,1,1,1,1,0,255,2,12,0
3159009,0,0,0,0,1,0,255,2,12,0
3159428,1,1,1,1,1,0,255,2,12,0
3160305,0,1,0,1,0,0,255,2,12,0
3160526,1,1,1,1,1,0,255,2,12,0
3160804,1,0,1,0,0,0,255,2,12,0
3164593,0,1,1,0,1,0,255,2,12,0
3167253,1,1,1,1,1,0,255,2,12,0
3168736,0,1,0,1,0,0,255,2,12,0
3171040,0,0,1,1,0,0,255,2,12,0
3171144,1,1,0,0,0,0,255,2,12,0
3171300,0,1,1,0,1,0,255,2,12,0
3171755,0,1,0,1,0,0,255,2,12,0
3171834,0,1,1,0,1,0,255,2,12,0
3172135,0,0,0,0,1,0,255,2,12,0
3172632,1,1,0,0,0,0,255,2,12,0
3173298,0,0,1,1,0,0,255,2,12,0
3173305,0,0,0,0,1,0,255,2,12,0
3173459,1,1,1,1,1,0,255,2,12,0
3173754,0,1,0,1,0,0,255,2,12,0
3173760,0,0,0,0,1,0,255,2,12,0
3174387,0,1,1,0,1,0,255,2,12,0
3174472,1,1,1,1,1,0,255,2,12,0
3174482,0,1,0,1,0,0,255,2,12,0
3174641,0,1,0,1,0,0,255,2,12,0
3174865,0,0,0,0,1,0,255,2,12,0
3176030,0,1,1,0,1,0,255,2,12,0
3176036,0,0,0,0,1,0,255,2,12,0
3176327,1,1,0,0,0,0,255,2,12,0
3177533,0,0,1,1,0,0,255,2,12,0
3178122,0,1,1,0,1,0,255,2,12,0
3178193,1,1,0,0,0,0,255,2,12,0
3178259,1,1,0,0,0,0,255,2,12,0
3179875,1,1,0,0,0,0,255,2,12,0
3180211,1,0,1,0,0,0,255,2,12,0
3180816,0,0,0,0,1,0,255,2,12,0
3181733,1,1,1,1,1,0,255,2,12,0
3182217,0,0,1,1,0,0,255,2,12,0
3183028,0,1,1,0,1,0,255,2,12,0
3183934,1,0,1,0,0,0,255,2,12,0
3184408,0,1,0,1,0,0,255,2,12,0
3185326,1,1,1,0,1,1,255,2,12,0
3185917,1,0,0,1,1,0,255,2,12,0
3186025,0,0,0,0,1,0,255,2,12,0
3186029,1,1,0,0,0,0,255,2,12,0
3186352,0,0,0,0,1,0,255,2,12,0
3186436,0,1,0,1,0,0,255,2,12,0
3187193,1,0,1,0,0,0,255,2,12,0
3188314,1,0,0,1,1,0,255,2,12,0
3189740,0,0,0,0,1,0,255,2,12,0
3190176,0,1,1,0,1,0,255,2,12,0
3190188,0,1,1,0,1,0,255,2,12,0
3190205,0,1,0,1,0,0,255,2,12,0
3190813,0,1,1,0,1,0,255,2,12,0
3191430,0,0,0,0,1,0,255,2,12,0
3191711,1,1,1,1,1,0,255,2,12,0
3192463,1,0,0,1,1,0,255,2,12,0
3192796,0,1,0,1,0,0,255,2,12,0
3193475,1,0,1,0,0,0,255,2,12,0
3194083,1,0,1,0,0,0,255,2,12,0
3194375,0,0,1,1,0,0,255,2,12,0
3197316,0,1,1,0,1,0,255,2,12,0
3197498,0,0,0,0,1,0,255,2,12,0
3197925,0,1,0,1,0,0,255,2,12,0
3198048,0,0,1,1,0,0,255,2,12,0
3199138,1,1,0,0,0,0,255,2,12,0
3199342,0,1,1,0,1,0,255,2,12,0
3200154,1,1,0,0,0,0,255,2,12,0
3201275,1,1,1,1,1,0,255,2,12,0
3202114,0,0,1,1,0,0,255,2,12,0
3202327,0,1,0,1,0,0,255,2,12,0
3202423,0,1,0,1,0,0,255,2,12,0
3203216,1,1,1,1,1,0,255,2,12,0
3203324,1,0,0,1,1,0,255,2,12,0
3204694,1,1,0,0,0,0,255,2,12,0
3205115,1,1,1,1,1,0,255,2,12,0
3206255,1,0,1,0,0,0,255,2,12,0
3207832,1,0,0,1,1,0,255,2,12,0
3208225,1,0,1,0,0,0,255,2,12,0
3209774,0,1,1,0,1,0,255,2,12,0
3210061,0,0,1,0,0,0,255,2,12,0
3210654,0,1,0,1,0,0,255,2,12,0
3210893,0,0,0,0,1,0,255,2,12,0
3212169,0,1,1,0,1,0,215,2,12,0
3213388,0,1,0,1,0,0,215,2,12,0
3213658,1,0,0,1,1,0,215,2,12,0
3214247,0,1,0,1,0,0,215,2,12,0
3214504,1,0,0,1,1,0,215,2,12,0
3215564,1,1,1,1,1,0,215,2,12,0
3216840,1,0,0,1,1,0,215,2,12,0
3217048,1,1,0,0,0,0,215,2,12,0
3218080,1,1,0,0,0,0,215,2,12,0
3222945,1,1,0,0,0,0,215,2,12,0
3224452,1,0,1,0,0,0,215,2,12,0
3227706,1,1,1,1,1,0,215,2,12,0
3227882,1,0,1,0,0,0,215,2,12,0
3230449,0,0,1,1,0,0,215,2,12,0
3234366,0,1,0,1,0,0,215,2,12,0
3235820,1,1,1,1,1,0,215,2,12,0
3236428,1,1,0,0,0,0,215,2,12,0
3236758,1,0,1,0,0,0,215,2,12,0
3238927,1,1,0,0,0,0,215,2,12,0
3241405,0,0,0,0,1,0,215,2,12,0
3244917,1,1,1,1,1,0,215,2,12,0
3245348,0,1,0,1,0,0,215,2,12,0
3245528,0,0,1,1,0,0,215,2,12,0
3246321,0,1,1,0,1,0,215,2,12,0
3246464,1,0,1,0,0,0,215,2,12,0
3250695,1,1,1,1,1,0,215,2,12,0
3252618,1,0,1,0,0,0,215,2,12,0
3253130,0,0,1,1,0,0,215,2,12,0
3253262,0,0,1,1,0,0,215,2,12,0
3255321,1,0,0,1,1,0,215,2,12,0
3255633,0,0,1,1,0,0,215,2,12,0
3257964,0,1,1,0,1,0,215,2,12,0
3258249,0,1,1,0,1,0,215,2,12,0
3258881,0,0,1,1,0,0,215,2,12,0
3261756,0,1,1,0,1,0,215,2,12,0
3262323,0,0,1,1,0,0,215,2,12,0
3264097,1,0,1,0,0,0,215,2,12,0
3264629,1,1,0,0,0,0,215,2,12,0
3265203,0,0,1,1,0,0,215,2,12,0
3265875,1,0,0,1,1,0,215,2,12,0
3266274,1,0,1,0,0,0,215,2,12,0
3267136,1,1,0,0,0,0,215,2,12,0
3267685,0,1,1,0,1,0,215,2,12,0
3268462,0,1,1,0,1,0,215,2,12,0
3268640,0,1,1,0,1,0,215,2,12,0
3268713,0,0,0,0,1,0,215,2,12,0
3269689,0,0,0,0,1,0,215,2,12,0
3272266,0,1,0,1,0,0,215,2,12,0
3273375,1,1,1,1,1,0,215,2,12,0
3275163,0,0,1,1,0,0,215,2,12,0
3311450,0,1,0,0,0,0,9,2,12,0
3334432,0,0,1,1,0,0,9,2,12,0
3335921,1,0,0,1,1,0,9,2,12,0
3344241,1,0,1,0,0,0,72,2,12,0
3348097,1,0,0,1,1,0,72,2,12,0
3349759,0,0,0,0,1,0,72,2,12,0
3349852,1,1,0,0,0,0,72,2,12,0
3361274,0,1,1,0,1,0,72,2,12,0
3372326,0,0,0,0,1,0,72,2,12,0
3382293,0,0,0,0,1,0,72,2,12,0
3382627,0,1,0,1,0,0,72,2,12,0
3390648,0,0,1,1,0,0,72,2,12,0
3399659,1,1,1,1,1,0,72,2,12,0
3401074,1,1,0,0,0,0,72,2,12,0
3411996,1,0,1,0,0,0,15,2,12,0
3464116,1,1,1,0,1,1,15,2,12,0
3500216,0,0,1,0,0,0,4,2,12,0
3529075,0,1,0,1,0,0,4,2,12,0
3533224,0,0,0,0,1,0,4,2,12,0
3537337,0,1,1,0,1,0,4,2,12,0
3539001,1,0,0,1,1,0,142,2,12,0
3540105,1,0,0,1,1,0,142,2,12,0
3541879,0,1,0,1,0,0,142,2,12,0
3542167,0,1,1,0,1,0,142,2,12,0
3542533,1,1,1,1,1,0,142,2,12,0
3545326,0,0,1,1,0,0,142,2,12,0
3547090,1,0,0,1,1,0,142,2,12,0
3547878,1,0,1,0,0,0,142,2,12,0
3548274,1,0,0,1,1,0,142,2,12,0
3548927,0,0,0,0,1,0,142,2,12,0
3550427,1,1,0,1,0,0,142,2,12,0
3561211,1,1,0,0,0,0,142,2,12,0
3567418,1,0,1,0,0,0,142,2,12,0
3567696,0,1,1,0,1,0,142,2,12,0
3567929,0,0,0,0,1,0,142,2,12,0
3568060,1,1,0,0,0,0,142,2,12,0
3568698,1,1,1,1,1,0,142,2,12,0
3571684,1,1,1,1,1,0,142,2,12,0
3578496,1,0,1,0,0,0,142,2,12,0
3580159,0,0,0,0,1,0,142,2,12,0
3582104,0,0,0,0,1,0,142,2,12,0
3583551,1,0,1,0,0,0,142,2,12,0
3586184,1,1,1,1,1,0,142,2,12,0
3587284,1,1,0,0,0,0,142,2,12,0
3590702,1,0,0,1,1,0,142,2,12,0
3592005,1,0,0,1,1,0,142,2,12,0
3597032,0,0,0,0,1,0,142,2,12,0
3599899,1,1,0,0,0,0,142,2,12,0
3604219,0,1,1,1,1,1,142,2,12,0
3651987,0,0,0,0,1,0,13,2,12,0
3672917,0,0,1,0,0,0,9,2,12,0
3673504,0,0,0,0,1,0,9,2,12,0
3681346,1,0,1,1,0,0,9,2,12,0
3711484,0,0,1,0,0,0,9,2,12,0
3726368,0,1,1,0,1,0,9,2,12,0
3735635,0,0,1,1,0,0,255,2,12,0
3735777,1,0,0,1,1,0,255,2,12,0
3736090,1,0,1,0,0,0,255,2,12,0
3736260,1,0,0,1,1,0,255,2,12,0
3736777,1,1,1,1,1,0,255,2,12,0
3737683,1,0,1,0,0,0,255,2,12,0
3738167,0,0,0,0,1,0,255,2,12,0
3738390,1,1,0,0,0,0,255,2,12,0
3739092,0,0,0,0,1,0,255,2,12,0
3739400,0,0,1,1,0,0,255,2,12,0
3740771,1,1,0,0,0,0,255,2,12,0
3741164,1,0,1,0,0,0,255,2,12,0
3741562,0,1,0,0,0,0,255,2,12,0
3743289,1,1,0,1,0,0,255,2,12,0
3743563,1,1,0,0,0,0,255,2,12,0
3744006,1,1,1,1,1,0,255,2,12,0
3744013,0,1,0,1,0,0,255,2,12,0
3745394,1,0,0,1,1,0,255,2,12,0
3745446,0,0,0,0,1,0,255,2,12,0
3745823,0,1,0,1,0,0,255,2,12,0
3746046,1,0,1,0,0,0,255,2,12,0
3746067,1,0,0,1,1,0,255,2,12,0
3746290,1,0,0,1,1,0,255,2,12,0
3747316,1,1,1,1,1,0,255,2,12,0
3749238,1,1,0,0,0,0,255,2,12,0
3749876,0,1,0,1,0,0,255,2,12,0
3751288,0,1,1,0,1,0,255,2,12,0
3751362,0,1,0,1,0,0,255,2,12,0
3752053,0,1,1,0,1,0,255,2,12,0
3752737,0,1,0,1,0,0,255,2,12,0
3753996,1,1,1,1,1,0,255,2,12,0
3755720,1,1,1,1,1,0,255,2,12,0
3756012,1,0,0,1,1,0,255,2,12,0
3756475,0,0,0,0,1,0,255,2,12,0
3756987,1,1,1,1,1,0,255,2,12,0
3757088,0,0,0,0,1,0,255,2,12,0
3757291,0,0,0,0,1,0,255,2,12,0
3757917,1,1,1,1,1,0,255,2,12,0
3758289,0,1,1,0,1,0,255,2,12,0
3759767,1,0,1,0,0,0,255,2,12,0
3760529,1,0,1,0,0,0,255,2,12,0
3760803,0,1,1,0,1,0,255,2,12,0
3761537,1,0,0,1,1,0,255,2,12,0
3762645,1,1,1,1,1,0,255,2,12,0
3763102,1,1,1,1,1,0,255,2,12,0
3763975,0,0,1,1,0,0,255,2,12,0
3763986,0,1,1,0,1,0,255,2,12,0
3766109,0,1,0,1,0,0,255,2,12,0
3766844,0,0,0,0,1,0,255,2,12,0
3768194,1,0,1,0,0,0,255,2,12,0
3768744,1,0,1,0,0,0,255,2,12,0
3768754,0,0,1,1,0,0,255,2,12,0
3768936,1,1,0,0,0,0,255,2,12,0
3769026,0,0,0,0,1,0,255,2,12,0
3771103,1,1,0,0,0,0,255,2,12,0
3771213,1,1,1,1,1,0,255,2,12,0
3771577,0,0,0,0,1,0,255,2,12,0
3771805,1,0,0,1,1,0,255,2,12,0
3773244,0,0,0,0,1,0,255,2,12,0
3773376,0,0,0,0,1,0,255,2,12,0
3773826,1,0,0,1,1,0,255,2,12,0
3774133,1,1,0,0,0,0,255,2,12,0
3774208,1,1,1,1,1,0,255,2,12,0
3774371,0,0,0,0,1,0,255,2,12,0
3774406,1,1,1,1,1,0,255,2,12,0
3774626,1,1,0,0,0,0,255,2,12,0
3775761,0,0,0,0,1,0,255,2,12,0
3776398,1,0,1,1,0,0,255,2,12,0
3777100,0,1,1,0,1,0,255,2,12,0
3781645,0,0,0,0,1,0,255,2,12,0
3784286,0,1,0,1,0,0,255,2,12,0
3784746,1,0,1,0,0,0,255,2,12,0
3785290,1,1,0,0,0,0,255,2,12,0
3786008,0,1,0,1,0,0,255,2,12,0
3787891,1,1,1,1,1,0,255,2,12,0
3788670,0,0,1,0,0,0,255,2,12,0
3788758,0,1,0,1,0,0,255,2,12,0
3788806,0,0,1,1,0,0,255,2,12,0
3789099,1,1,0,0,0,0,255,2,12,0
3789339,0,0,0,0,1,0,255,2,12,0
3789840,0,1,0,1,0,0,255,2,12,0
3790657,0,1,1,0,1,0,255,2,12,0
3791205,1,0,0,1,1,0,255,2,12,0
3792127,1,0,0,1,1,0,255,2,12,0
3793413,0,1,0,1,0,0,255,2,12,0
3793541,0,1,0,1,0,0,255,2,12,0
3793940,0,1,0,1,0,0,255,2,12,0
3794894,1,0,1,0,0,0,255,2,12,0
3796566,0,1,1,0,1,0,255,2,12,0
3797852,0,0,1,1,0,0,255,2,12,0
3798052,1,1,1,1,1,0,255,2,12,0
3798072,0,1,0,1,0,0,255,2,12,0
3799693,1,0,0,1,1,0,255,2,12,0
3799989,0,1,1,0,1,0,255,2,12,0
3800182,1,0,0,1,1,0,255,2,12,0
3801143,1,1,0,0,0,0,255,2,12,0
3802730,0,1,0,1,0,0,255,2,12,0
3803331,0,0,0,0,1,0,255,2,12,0
3804459,1,1,1,1,1,0,255,2,12,0
3807476,0,1,1,0,1,0,255,2,12,0
3809518,0,1,0,1,0,0,255,2,12,0
3810184,0,0,1,1,0,0,255,2,12,0
3810730,0,1,0,1,0,0,255,2,12,0
3812267,0,1,1,0,1,0,255,2,12,0
3812269,1,0,1,0,0,0,255,2,12,0
3813712,1,0,1,0,0,0,255,2,12,0
3813797,0,1,0,1,0,0,255,2,12,0
3815807,1,0,0,1,1,0,255,2,12,0
3815824,1,0,1,1,0,0,255,2,12,0
3816134,1,0,1,0,0,0,255,2,12,0
3816234,0,1,1,0,1,0,255,2,12,0
3817796,0,0,0,0,1,0,255,2,12,0
3818384,0,0,0,0,1,0,255,2,12,0
3822542,0,1,0,1,0,0,255,2,12,0
3823140,0,0,0,0,1,0,255,2,12,0
3824035,1,0,1,0,0,0,255,2,12,0
3824143,1,0,0,1,1,0,255,2,12,0
3824481,0,0,0,0,1,0,255,2,12,0
3827156,0,0,1,1,0,0,255,2,12,0
3828264,1,1,0,0,0,0,255,2,12,0
3828534,1,0,0,1,1,0,255,2,12,0
3828714,0,0,1,1,0,0,255,2,12,0
3830784,1,0,0,1,1,0,255,2,12,0
3831390,1,0,0,1,1,0,255,2,12,0
3834123,1,1,0,0,0,0,255,2,12,0
3834210,1,0,0,1,1,0,255,2,12,0
3834766,1,0,1,0,0,0,255,2,12,0
3835671,1,1,1,1,1,0,255,2,12,0
3836726,1,1,1,1,1,0,255,2,12,0
3837032,0,1,1,0,1,0,255,2,12,0
3837805,0,0,1,1,0,0,255,2,12,0
3838847,1,0,0,1,1,0,255,2,12,0
3839191,1,1,1,1,1,0,255,2,12,0
3840895,1,1,1,1,1,0,255,2,12,0
3842382,0,1,0,1,0,0,255,2,12,0
3842797,0,1,1,0,1,0,255,2,12,0
3843115,0,0,0,0,1,0,255,2,12,0
3843155,1,1,0,0,0,0,255,2,12,0
3843532,0,1,1,0,1,0,255,2,12,0
3845662,1,1,1,1,1,0,255,2,12,0
3847663,1,1,1,1,1,0,255,2,12,0
3847670,0,1,1,0,1,0,255,2,12,0
3849698,1,0,0,1,1,0,255,2,12,0
3849817,0,1,1,0,1,0,255,2,12,0
3850131,1,1,1,1,1,0,255,2,12,0
3851037,0,1,0,1,0,0,255,2,12,0
3851941,0,1,1,0,1,0,255,2,12,0
3852103,1,1,1,1,1,0,255,2,12,0
3854706,1,1,1,1,1,0,255,2,12,0
3855207,0,1,0,1,0,0,255,2,12,0
3856105,1,0,0,1,1,0,255,2,12,0
3856662,1,0,0,1,1,0,255,2,12,0
3859015,1,1,1,1,1,0,255,2,12,0
3859492,1,0,0,1,1,0,255,2,12,0
3862541,1,0,1,0,0,0,255,2,12,0
3863069,1,1,1,1,1,0,255,2,12,0
3863645,0,1,0,1,0,0,255,2,12,0
3864087,0,0,0,0,1,0,255,2,12,0
3866118,1,1,0,0,0,0,255,2,12,0
3870159,1,0,0,1,1,0,154,2,12,0
3878543,1,0,1,0,0,0,154,2,12,0
3891344,0,1,1,0,1,0,154,2,12,0
3892927,0,0,1,1,0,0,154,2,12,0
3893523,1,1,1,1,1,0,154,2,12,0
3893834,0,0,1,1,0,0,154,2,12,0
3894885,1,0,1,0,0,0,154,2,12,0
3898877,1,0,1,0,0,0,154,2,12,0
3899031,0,0,0,0,1,0,154,2,12,0
3900573,0,0,1,1,0,0,154,2,12,0
3900881,0,1,0,1,0,0,154,2,12,0
3901646,0,0,0,0,1,0,154,2,12,0
3902806,1,0,1,0,0,0,154,2,12,0
3903661,0,1,0,1,0,0,154,2,12,0
3904935,1,1,1,1,1,0,154,2,12,0
3907381,0,1,0,1,0,0,154,2,12,0
3907949,1,1,0,0,0,0,154,2,12,0
3908352,1,0,0,1,1,0,154,2,12,0
3909225,0,1,1,0,1,0,154,2,12,0
3912186,0,0,0,0,1,0,154,2,12,0
3913985,0,0,0,0,1,0,154,2,12,0
3915980,1,0,0,1,1,0,154,2,12,0
3916884,0,0,1,1,0,0,154,2,12,0
3917201,0,1,1,0,1,0,154,2,12,0
3919743,1,0,0,1,1,0,154,2,12,0
3922699,1,1,0,0,0,0,154,2,12,0
3924203,0,0,1,1,0,0,154,2,12,0
3925592,0,0,1,1,0,0,154,2,12,0
3927722,1,1,0,0,0,0,154,2,12,0
3928174,1,0,0,1,1,0,154,2,12,0
3928900,1,0,0,1,1,0,154,2,12,0
3931370,1,0,0,1,1,0,154,2,12,0
3931937,1,1,0,0,0,0,154,2,12,0
3933313,0,0,0,0,1,0,82,2,12,0
3937591,0,1,1,0,1,0,82,2,12,0
3943136,1,0,0,1,1,0,82,2,12,0
3945866,1,1,0,0,0,0,82,2,12,0
3954148,1,1,1,1,1,0,82,2,12,0
3956657,1,1,0,0,0,0,82,2,12,0
3964729,0,1,1,0,1,0,82,2,12,0
3965577,0,1,0,1,0,0,82,2,12,0
3970375,1,0,1,0,0,0,82,2,12,0
3973005,0,0,0,0,1,0,82,2,12,0
3974465,1,1,0,1,0,0,82,2,12,0
3975391,0,1,0,1,0,0,82,2,12,0
3978163,1,1,0,0,0,0,82,2,12,0
3982836,0,1,1,0,1,0,82,2,12,0
3992585,1,1,0,0,0,0,82,2,12,0
3996584,1,1,0,0,0,0,82,2,12,0
4002172,1,1,1,1,1,0,62,2,12,0
4009831,1,0,0,1,1,0,62,2,12,0
4017436,1,0,0,1,1,0,62,2,12,0
4019762,0,0,0,0,1,0,62,2,12,0
4026511,1,0,0,1,1,0,62,2,12,0
4032126,1,1,1,1,1,0,62,2,12,0
4034703,0,0,0,0,1,0,62,2,12,0
4037367,0,1,1,0,1,0,62,2,12,0
4039977,0,1,1,0,1,0,62,2,12,0
4041438,1,1,1,1,1,0,62,2,12,0
4041549,1,0,1,0,0,0,62,2,12,0
4050083,1,0,0,1,1,0,62,2,12,0
4050467,1,1,1,1,1,0,62,2,12,0
4052174,1,0,1,1,0,0,62,2,12,0
4063801,0,1,0,1,0,0,41,2,12,0
4064310,0,0,1,1,0,0,41,2,12,0
4065192,1,1,1,1,1,0,41,2,12,0
4078372,1,0,0,1,1,0,41,2,12,0
4079055,0,0,0,0,1,0,41,2,12,0
4091934,0,0,0,1,1,1,41,2,12,0
4096087,1,0,1,0,0,0,41,2,12,0
4097147,1,0,0,1,1,0,41,2,12,0
4108929,0,1,0,1,0,0,41,2,12,0
4118499,0,1,0,1,0,0,41,2,12,0
4137224,0,1,0,1,0,0,4,2,12,0
4150835,0,0,0,1,1,1,4,2,12,0
4177944,1,1,0,1,0,0,4,2,12,0
4203245,1,1,1,0,1,1,31,2,12,0
4212149,1,1,0,0,0,0,31,2,12,0
4221975,0,0,0,0,1,0,31,2,12,0
4231623,0,1,1,0,1,0,31,2,12,0
4240717,0,0,0,0,1,0,31,2,12,0
4248713,1,0,1,0,0,0,31,2,12,0
4253385,0,1,0,1,0,0,31,2,12,0
4261270,0,1,0,1,0,0,186,2,12,0
4261606,0,1,1,0,1,0,186,2,12,0
4265485,1,1,1,0,1,1,186,2,12,0
4270799,0,0,0,0,1,0,186,2,12,0
4272704,0,0,1,1,0,0,186,2,12,0
4276544,0,0,1,1,0,0,186,2,12,0
4277194,1,0,1,0,0,0,186,2,12,0
4277807,0,0,0,1,1,1,186,2,12,0
4280230,1,0,0,1,1,0,186,2,12,0
4281961,1,1,1,1,1,0,186,2,12,0
4282336,1,0,0,1,1,0,186,2,12,0
4283992,0,1,1,0,1,0,186,2,12,0
4286230,0,1,0,1,0,0,186,2,12,0
4286566,1,1,0,0,0,0,186,2,12,0
4287303,0,1,1,0,1,0,186,2,12,0
4287582,1,0,0,1,1,0,186,2,12,0
4290622,0,0,0,0,1,0,186,2,12,0
4291832,0,1,0,1,0,0,186,2,12,0
4293917,1,1,0,0,0,0,186,2,12,0
4296884,0,0,1,1,0,0,186,2,12,0
4297833,0,0,0,0,1,0,186,2,12,0
4297979,1,1,0,0,0,0,186,2,12,0
4301476,0,0,0,1,1,1,186,2,12,0
4301608,0,1,0,1,0,0,186,2,12,0
4305073,1,1,0,0,0,0,186,2,12,0
4306031,1,1,0,0,0,0,186,2,12,0
4306588,0,0,1,1,0,0,186,2,12,0
4307888,1,1,1,1,1,0,186,2,12,0
4308385,0,0,0,0,1,0,186,2,12,0
4315271,0,1,1,0,1,0,186,2,12,0
4316030,0,0,1,1,0,0,186,2,12,0
4317012,1,0,1,0,0,0,186,2,12,0
4317895,1,1,0,0,0,0,186,2,12,0
4318214,0,1,0,1,0,0,186,2,12,0
4321601,0,1,0,1,0,0,186,2,12,0
4322796,1,0,0,1,1,0,186,2,12,0
4330630,1,0,0,1,1,0,23,3,12,0
4337219,1,1,0,0,0,0,23,3,12,0
4369335,1,1,0,0,0,0,23,3,12,0
4370755,0,0,1,1,0,0,23,3,12,0
4380714,0,0,1,1,0,0,23,3,12,0
4391328,1,1,1,1,1,0,255,3,12,0
4391895,1,0,1,0,0,0,255,3,12,0
4393600,0,1,0,1,0,0,255,3,12,0
4394130,0,1,1,0,1,0,255,3,12,0
4395984,1,1,0,0,0,0,255,3,12,0
4396445,0,1,0,0,0,0,255,3,12,0
4397265,1,1,1,1,1,0,255,3,12,0
4397450,0,1,1,0,1,0,255,3,12,0
4398075,1,1,1,1,1,0,255,3,12,0
4398355,0,0,0,0,1,0,255,3,12,0
4399017,0,0,1,1,0,0,255,3,12,0
4400398,1,0,1,0,0,0,255,3,12,0
4401222,0,0,0,0,1,0,255,3,12,0
4401966,1,1,0,0,0,0,255,3,12,0
4402535,1,0,0,1,1,0,255,3,12,0
4402836,1,0,1,0,0,0,255,3,12,0
4402894,0,1,0,1,0,0,255,3,12,0
4403419,1,0,1,0,0,0,255,3,12,0
4403600,0,1,0,1,0,0,255,3,12,0
4406087,0,1,1,0,1,0,255,3,12,0
4406453,0,1,0,1,0,0,255,3,12,0
4407245,1,0,0,1,1,0,255,3,12,0
4407550,1,0,1,0,0,0,255,3,12,0
4408110,0,1,1,1,1,1,255,3,12,0
4408801,0,1,1,0,1,0,255,3,12,0
4408914,0,0,1,1,0,0,255,3,12,0
4409847,0,0,1,1,0,0,255,3,12,0
4411222,1,1,0,0,0,0,255,3,12,0
4413326,0,1,1,1,1,1,255,3,12,0
4417420,0,0,1,1,0,0,255,3,12,0
4417585,1,0,1,0,0,0,255,3,12,0
4418309,0,0,1,1,0,0,255,3,12,0
4420176,0,1,0,1,0,0,255,3,12,0
4421382,1,0,0,1,1,0,255,3,12,0
4422299,1,0,1,0,0,0,255,3,12,0
4425743,0,1,1,0,1,0,255,3,12,0
4427857,1,0,0,1,1,0,255,3,12,0
4428295,1,1,1,1,1,0,255,3,12,0
4430099,0,0,0,0,1,0,255,3,12,0
4431980,0,0,1,1,0,0,255,3,12,0
4432278,1,0,1,0,0,0,255,3,12,0
4433069,0,0,0,0,1,0,255,3,12,0
4433698,1,0,0,1,1,0,255,3,12,0
4434144,1,1,1,1,1,0,255,3,12,0
4435259,1,1,1,1,1,0,255,3,12,0
4435890,0,1,1,0,1,0,255,3,12,0
4436317,0,1,0,1,0,0,255,3,12,0
4437686,0,1,1,0,1,0,255,3,12,0
4437792,1,1,0,0,0,0,255,3,12,0
4438360,1,1,1,1,1,0,255,3,12,0
4438584,0,0,1,1,0,0,255,3,12,0
4439884,1,0,1,0,0,0,255,3,12,0
4440425,0,1,0,0,0,0,255,3,12,0
4440786,1,0,1,0,0,0,255,3,12,0
4442763,0,0,0,0,1,0,255,3,12,0
4442877,0,0,1,1,0,0,255,3,12,0
4443317,0,0,0,0,1,0,255,3,12,0
4445067,0,1,1,0,1,0,255,3,12,0
4445674,1,1,0,0,0,0,255,3,12,0
4445761,1,0,0,1,1,0,255,3,12,0
4447219,0,0,1,1,0,0,255,3,12,0
4447656,1,0,0,1,1,0,255,3,12,0
4449258,0,1,1,0,1,0,255,3,12,0
4450266,0,1,1,0,1,0,255,3,12,0
4456371,0,0,0,0,1,0,255,3,12,0
4475888,1,0,0,1,1,0,51,3,12,0
4477613,0,0,1,1,0,0,51,3,12,0
4479476,0,0,1,1,0,0,51,3,12,0
4480760,0,0,0,0,1,0,51,3,12,0
4485527,1,0,1,0,0,0,51,3,12,0
4487260,0,0,1,1,0,0,51,3,12,0
4489930,0,1,0,1,0,0,51,3,12,0
4507398,0,0,0,0,1,0,51,3,12,0
4513274,0,1,0,1,0,0,51,3,12,0
4517814,0,0,0,0,1,0,51,3,12,0
4520072,0,1,0,1,0,0,51,3,12,0
4521184,1,1,0,0,0,0,51,3,12,0
4522798,0,0,1,1,0,0,54,3,12,0
4524107,1,0,0,1,1,0,54,3,12,0
4524447,1,0,0,0,1,1,54,3,12,0
4533865,0,0,1,0,0,0,54,3,12,0
4536888,1,1,0,0,0,0,54,3,12,0
4538756,1,0,1,0,0,0,54,3,12,0
4542769,0,1,0,1,0,0,54,3,12,0
4551376,1,1,0,0,0,0,54,3,12,0
4552488,0,0,0,0,1,0,54,3,12,0
4554157,0,1,1,0,1,0,54,3,12,0
4556657,0,0,0,0,1,0,54,3,12,0
4568196,1,0,1,0,0,0,54,3,12,0
4572216,0,0,0,0,1,0,54,3,12,0
4573209,0,0,0,0,1,0,54,3,12,0
4576972,0,0,0,0,1,0,54,3,12,0
4591125,1,1,1,1,1,0,166,3,12,0
4594079,1,0,1,0,0,0,166,3,12,0
4598126,1,1,1,1,1,0,166,3,12,0
4599036,1,1,1,0,1,1,166,3,12,0
4599644,0,1,1,0,1,0,166,3,12,0
4600504,0,1,1,0,1,0,166,3,12,0
4600724,1,1,1,1,1,0,166,3,12,0
4602604,1,0,1,0,0,0,166,3,12,0
4604973,1,1,0,0,0,0,166,3,12,0
4604997,0,1,0,1,0,0,166,3,12,0
4605024,0,1,1,1,1,1,166,3,12,0
4607374,0,1,1,0,1,0,166,3,12,0
4607439,1,1,0,0,0,0,166,3,12,0
4610006,0,0,0,0,1,0,166,3,12,0
4610245,1,1,0,0,0,0,166,3,12,0
4613846,0,0,1,1,0,0,166,3,12,0
4614357,0,0,1,1,0,0,166,3,12,0
4617363,1,1,0,0,0,0,166,3,12,0
4618888,1,1,0,0,0,0,166,3,12,0
4618989,0,0,1,1,0,0,166,3,12,0
4622378,1,0,1,0,0,0,166,3,12,0
4635549,0,0,0,0,1,0,166,3,12,0
4636548,0,0,0,0,1,0,166,3,12,0
4638570,1,0,1,0,0,0,166,3,12,0
4638594,1,1,0,0,0,0,166,3,12,0
4642623,0,1,0,1,0,0,166,3,12,0
4643568,1,0,0,1,1,0,166,3,12,0
4646624,0,1,1,0,1,0,166,3,12,0
4647981,0,0,1,1,0,0,166,3,12,0
4649333,0,1,0,1,0,0,166,3,12,0
4651996,1,0,0,1,1,0,166,3,12,0
4653538,0,1,1,0,1,0,56,3,12,0
4657266,1,1,0,0,0,0,56,3,12,0
4665986,1,1,1,1,1,0,56,3,12,0
4678372,0,0,1,1,0,0,56,3,12,0
4689595,0,1,1,0,1,0,56,3,12,0
4694968,1,0,0,1,1,0,56,3,12,0
4696411,0,0,1,1,0,0,56,3,12,0
4696626,0,0,1,1,0,0,56,3,12,0
4703210,1,0,0,1,1,0,56,3,12,0
4705405,1,1,0,0,0,0,56,3,12,0
4715569,0,0,0,0,1,0,56,3,12,0
4738978,0,0,1,0,0,0,12,3,12,0
4745577,0,1,0,1,0,0,12,3,12,0
4764262,0,1,0,1,0,0,12,3,12,0
4768393,1,1,1,1,1,0,12,3,12,0
4784168,0,0,0,0,1,0,149,3,12,0
4784852,0,1,1,0,1,0,149,3,12,0
4787037,0,0,1,1,0,0,149,3,12,0
4789922,0,1,1,0,1,0,149,3,12,0
4796291,0,1,0,1,0,0,149,3,12,0
4800154,1,0,0,1,1,0,149,3,12,0
4804366,0,1,1,0,1,0,149,3,12,0
4804900,0,1,0,1,0,0,149,3,12,0
4806600,1,0,1,0,0,0,149,3,12,0
4807203,1,0,1,0,0,0,149,3,12,0
4807603,0,1,0,1,0,0,149,3,12,0
4810696,1,1,1,1,1,0,149,3,12,0
4815406,1,1,0,0,0,0,149,3,12,0
4815525,0,0,1,1,0,0,149,3,12,0
4821984,1,0,0,1,1,0,149,3,12,0
4824984,1,0,0,1,1,0,149,3,12,0
4830300,0,1,0,1,0,0,149,3,12,0
4830332,0,0,0,0,1,0,149,3,12,0
4836958,1,0,1,0,0,0,149,3,12,0
4844101,0,1,0,1,0,0,149,3,12,0
4844510,0,1,0,1,0,0,149,3,12,0
4845795,1,1,1,1,1,0,149,3,12,0
4846033,0,0,0,0,1,0,149,3,12,0
4846654,0,1,0,1,0,0,149,3,12,0
4847259,0,0,0,1,1,1,149,3,12,0
4847549,0,0,1,1,0,0,149,3,12,0
4848076,1,1,1,1,1,0,149,3,12,0
4848178,0,0,0,0,1,0,149,3,12,0
4851825,0,1,0,1,0,0,50,3,12,0
4854368,0,0,0,0,1,0,50,3,12,0
4855216,0,1,0,1,0,0,50,3,12,0
4868784,1,0,1,0,0,0,50,3,12,0
4874953,0,0,1,1,0,0,50,3,12,0
4881072,1,1,0,0,0,0,50,3,12,0
4885749,1,0,0,1,1,0,50,3,12,0
4891249,0,0,0,0,1,0,50,3,12,0
4899290,0,1,0,1,0,0,50,3,12,0
4981908,1,1,0,0,0,0,40,3,12,0
4986405,1,1,0,0,0,0,40,3,12,0
4991909,1,0,1,0,0,0,40,3,12,0
4995860,1,1,0,0,0,0,40,3,12,0
5006051,1,0,0,1,1,0,40,3,12,0
5009635,1,0,1,1,0,0,40,3,12,0
5024893,1,0,1,0,0,0,40,3,12,0
5025765,0,0,0,0,1,0,40,3,12,0
5033489,1,0,0,1,1,0,40,3,12,0
5041975,1,1,1,1,1,0,40,3,12,0
5043884,1,0,1,0,0,0,40,3,12,0
5046249,0,0,1,1,0,0,40,3,12,0
5057210,0,0,1,1,0,0,51,3,12,0
5061909,1,0,0,1,1,0,51,3,12,0
5063244,0,0,1,1,0,0,51,3,12,0
5063514,0,1,1,0,1,0,51,3,12,0
5065234,1,1,1,1,1,0,51,3,12,0
5089325,1,0,0,1,1,0,51,3,12,0
5090969,0,1,0,1,0,0,51,3,12,0
5107776,1,1,0,0,0,0,51,3,12,0
5108154,1,1,1,1,1,0,51,3,12,0
5113098,1,0,0,1,1,0,255,3,12,0
5113306,0,1,0,1,0,0,255,3,12,0
5114349,0,0,0,0,1,0,255,3,12,0
5118645,0,1,0,1,0,0,255,3,12,0
5118780,0,0,1,1,0,0,255,3,12,0
5118805,0,1,0,1,0,0,255,3,12,0
5120348,0,0,0,0,1,0,255,3,12,0
5121557,1,0,0,1,1,0,255,3,12,0
5123306,0,1,1,0,1,0,255,3,12,0
5123799,1,0,1,0,0,0,255,3,12,0
5123873,0,0,1,1,0,0,255,3,12,0
5125529,1,0,1,0,0,0,255,3,12,0
5125973,0,1,0,1,0,0,255,3,12,0
5126090,0,1,1,0,1,0,255,3,12,0
5127137,1,1,1,1,1,0,255,3,12,0
5127337,0,1,1,0,1,0,255,3,12,0
5127341,0,0,0,0,1,0,255,3,12,0
5127634,1,0,1,0,0,0,255,3,12,0
5129623,0,0,0,0,1,0,255,3,12,0
5130485,1,0,0,1,1,0,255,3,12,0
5132741,1,1,1,1,1,0,255,3,12,0
5133965,1,0,0,1,1,0,255,3,12,0
5135291,1,0,0,1,1,0,255,3,12,0
5138780,1,1,1,1,1,0,255,3,12,0
5139389,1,1,1,1,1,0,255,3,12,0
5139416,1,1,1,1,1,0,255,3,12,0
5142932,1,0,0,1,1,0,255,3,12,0
5143117,0,0,0,0,1,0,255,3,12,0
5144902,1,0,1,0,0,0,255,3,12,0
5145724,0,1,1,0,1,0,255,3,12,0
5145960,0,0,0,0,1,0,255,3,12,0
5147339,1,1,0,0,0,0,255,3,12,0
5148287,1,1,0,0,0,0,255,3,12,0
5149395,0,1,0,1,0,0,255,3,12,0
5150271,1,0,1,0,0,0,255,3,12,0
5150637,1,1,1,1,1,0,255,3,12,0
5150726,0,1,0,1,0,0,255,3,12,0
5152472,1,0,0,1,1,0,255,3,12,0
5155248,0,1,1,0,1,0,255,3,12,0
5155583,1,0,0,1,1,0,255,3,12,0
5157317,0,1,0,1,0,0,255,3,12,0
5157441,0,0,1,1,0,0,255,3,12,0
5157471,1,1,1,1,1,0,255,3,12,0
5161501,0,1,0,1,0,0,255,3,12,0
5162208,0,1,1,1,1,1,255,3,12,0
5162657,1,0,1,0,0,0,255,3,12,0
5164247,1,0,0,1,1,0,255,3,12,0
5164905,1,1,0,0,0,0,255,3,12,0
5165088,1,1,1,1,1,0,255,3,12,0
5166635,0,1,1,0,1,0,255,3,12,0
5167114,1,0,1,0,0,0,255,3,12,0
5168656,0,0,0,0,1,0,255,3,12,0
5170670,0,0,0,0,1,0,255,3,12,0
5170781,1,0,0,1,1,0,255,3,12,0
5172007,0,1,0,1,0,0,255,3,12,0
5172165,1,1,0,0,0,0,255,3,12,0
5173383,0,0,0,0,1,0,255,3,12,0
5173652,1,1,1,1,1,0,255,3,12,0
5176286,1,0,0,1,1,0,255,3,12,0
5187449,1,1,1,1,1,0,71,3,12,0
5188837,0,1,1,0,1,0,71,3,12,0
5196316,0,1,0,1,0,0,71,3,12,0
5219636,0,1,1,0,1,0,71,3,12,0
5221366,0,1,0,1,0,0,71,3,12,0
5228292,1,1,1,1,1,0,71,3,12,0
5231133,0,0,1,1,0,0,71,3,12,0
5245765,0,0,0,0,1,0,157,3,12,0
5246665,1,1,1,1,1,0,157,3,12,0
5247353,1,0,0,1,1,0,157,3,12,0
5247745,1,0,1,0,0,0,157,3,12,0
5251118,0,1,1,0,1,0,157,3,12,0
5254165,0,0,1,1,0,0,157,3,12,0
5254358,0,0,0,0,1,0,157,3,12,0
5255534,1,0,1,0,0,0,157,3,12,0
5261013,0,1,0,1,0,0,157,3,12,0
5261394,1,0,1,0,0,0,157,3,12,0
5262290,1,0,0,1,1,0,157,3,12,0
5262464,1,0,0,1,1,0,157,3,12,0
5265967,0,0,1,1,0,0,157,3,12,0
5267629,0,0,1,1,0,0,157,3,12,0
5268659,0,1,0,0,0,0,157,3,12,0
5270070,1,1,0,0,0,0,157,3,12,0
5270550,0,0,1,1,0,0,157,3,12,0
5274277,1,0,0,1,1,0,157,3,12,0
5276451,0,0,1,1,0,0,157,3,12,0
5279725,0,1,1,1,1,1,157,3,12,0
5283618,1,1,0,0,0,0,157,3,12,0
5285510,1,1,1,1,1,0,157,3,12,0
5287953,1,0,1,1,0,0,157,3,12,0
5288990,0,1,1,0,1,0,157,3,12,0
5289843,0,0,0,0,1,0,157,3,12,0
5291227,0,0,0,0,1,0,157,3,12,0
5294021,0,1,0,1,0,0,157,3,12,0
5295396,0,1,1,0,1,0,157,3,12,0
5295937,0,1,1,0,1,0,157,3,12,0
5296613,0,0,0,0,1,0,157,3,12,0
5298420,0,0,0,0,1,0,157,3,12,0
5301707,0,0,0,0,1,0,157,3,12,0
5301851,1,0,1,0,0,0,157,3,12,0
5303768,1,1,0,0,0,0,157,3,12,0
5304169,0,1,0,1,0,0,157,3,12,0
5307536,0,1,1,0,1,0,157,3,12,0
5312100,1,0,0,1,1,0,126,3,12,0
5313847,0,1,0,1,0,0,126,3,12,0
5329486,0,1,1,0,1,0,126,3,12,0
5330495,0,1,1,0,1,0,126,3,12,0
5330695,1,1,0,0,0,0,126,3,12,0
5332505,1,0,1,0,0,0,126,3,12,0
5333431,0,0,0,0,1,0,126,3,12,0
5334159,0,1,1,0,1,0,126,3,12,0
5338005,1,1,0,0,0,0,126,3,12,0
5342656,0,0,1,1,0,0,126,3,12,0
5342753,1,1,1,1,1,0,126,3,12,0
5346209,1,1,1,1,1,0,126,3,12,0
5355710,1,0,1,1,0,0,126,3,12,0
5358339,0,1,0,1,0,0,126,3,12,0
5370706,0,1,0,1,0,0,126,3,12,0
5373620,1,0,1,0,0,0,126,3,12,0
5374603,0,0,1,1,0,0,187,3,12,0
5380186,0,0,0,0,1,0,187,3,12,0
5380829,1,0,1,0,0,0,187,3,12,0
5382370,0,0,0,0,1,0,187,3,12,0
5383013,1,0,0,0,1,1,187,3,12,0
5384219,1,1,0,0,0,0,187,3,12,0
5384972,1,1,0,0,0,0,187,3,12,0
5386162,0,1,1,0,1,0,187,3,12,0
5386865,0,1,1,0,1,0,187,3,12,0
5387277,0,1,0,1,0,0,187,3,12,0
5387415,1,0,1,0,0,0,187,3,12,0
5390859,0,1,1,0,1,0,187,3,12,0
5393217,1,0,0,1,1,0,187,3,12,0
5399985,0,1,1,0,1,0,187,3,12,0
5408676,0,1,0,1,0,0,187,3,12,0
5409248,0,0,1,1,0,0,187,3,12,0
5409442,0,0,1,1,0,0,187,3,12,0
5409470,0,1,1,0,1,0,187,3,12,0
5411880,1,1,1,1,1,0,187,3,12,0
5412618,1,0,1,0,0,0,187,3,12,0
5413143,1,1,1,0,1,1,187,3,12,0
5415105,0,0,1,1,0,0,187,3,12,0
5416595,0,1,1,0,1,0,187,3,12,0
5421550,1,1,0,0,0,0,187,3,12,0
5423379,0,0,1,1,0,0,187,3,12,0
5426671,1,0,1,0,0,0,187,3,12,0
5427326,0,0,1,1,0,0,187,3,12,0
5427348,1,0,1,0,0,0,187,3,12,0
5428572,1,0,1,0,0,0,187,3,12,0
5431430,1,1,1,1,1,0,187,3,12,0
5433160,0,1,1,0,1,0,187,3,12,0
5437800,0,1,1,0,1,0,187,3,12,0
5438796,0,0,0,0,1,0,187,3,12,0
5441695,1,1,1,1,1,0,255,2,12,0
5442132,1,0,0,1,1,0,255,2,12,0
5443518,0,1,0,1,0,0,255,2,12,0
5443722,1,1,0,0,0,0,255,2,12,0
5443783,0,0,0,0,1,0,255,2,12,0
5444529,1,1,0,0,0,0,255,2,12,0
5444656,1,0,1,0,0,0,255,2,12,0
5447592,1,1,0,0,0,0,255,2,12,0
5449687,1,0,1,0,0,0,255,2,12,0
5449947,1,0,1,0,0,0,255,2,12,0
5451957,0,0,1,1,0,0,255,2,12,0
5453398,1,0,1,0,0,0,255,2,12,0
5453511,0,0,1,1,0,0,255,2,12,0
5453783,0,0,1,1,0,0,255,2,12,0
5453961,0,0,0,0,1,0,255,2,12,0
5454208,0,1,1,0,1,0,255,2,12,0
5454588,1,1,0,0,0,0,255,2,12,0
5454987,0,1,0,1,0,0,255,2,12,0
5455800,0,0,1,1,0,0,255,2,12,0
5455867,1,0,1,0,0,0,255,2,12,0
5456169,1,1,0,1,0,0,255,2,12,0
5457288,0,0,1,1,0,0,255,2,12,0
5457295,0,0,1,1,0,0,255,2,12,0
5458073,0,1,1,0,1,0,255,2,12,0
5458303,0,1,0,1,0,0,255,2,12,0
5458610,1,0,0,1,1,0,255,2,12,0
5459383,0,1,0,1,0,0,255,2,12,0
5459619,1,1,1,1,1,0,255,2,12,0
5459863,1,0,0,1,1,0,255,2,12,0
5460010,0,1,1,0,1,0,255,2,12,0
5461173,0,1,1,0,1,0,255,2,12,0
5461863,0,0,0,0,1,0,255,2,12,0
5462290,0,1,1,0,1,0,255,2,12,0
5462297,1,0,1,0,0,0,255,2,12,0
5463287,0,1,1,0,1,0,255,2,12,0
5464550,1,0,1,0,0,0,255,2,12,0
5464646,0,1,1,1,1,1,255,2,12,0
5464734,1,1,0,0,0,0,255,2,12,0
5465526,1,1,0,0,0,0,255,2,12,0
5465710,0,0,0,0,1,0,255,2,12,0
5465975,0,0,0,0,1,0,255,2,12,0
5466638,1,1,0,0,0,0,255,2,12,0
5467318,1,1,1,1,1,0,255,2,12,0
5467983,0,0,0,0,1,0,255,2,12,0
5468035,1,1,1,1,1,0,255,2,12,0
5468138,1,1,1,1,1,0,255,2,12,0
5468724,0,1,1,1,1,1,255,2,12,0
5469680,1,0,1,0,0,0,255,2,12,0
5470970,1,0,0,1,1,0,255,2,12,0
5471922,1,0,0,1,1,0,255,2,12,0
5473712,0,0,0,0,1,0,255,2,12,0
5474624,1,1,1,1,1,0,255,2,12,0
5474635,0,0,1,1,0,0,255,2,12,0
5474760,1,1,1,1,1,0,255,2,12,0
5476314,1,1,0,0,0,0,255,2,12,0
5477777,1,1,0,0,0,0,255,2,12,0
5478830,1,0,0,1,1,0,255,2,12,0
5478915,0,0,0,0,1,0,255,2,12,0
5480954,0,1,1,0,1,0,255,2,12,0
5481360,0,1,0,1,0,0,255,2,12,0
5481592,0,1,1,0,1,0,255,2,12,0
5483521,1,0,0,1,1,0,255,2,12,0
5484017,0,0,1,1,0,0,255,2,12,0
5485238,1,1,1,1,1,0,255,2,12,0
5485973,1,0,0,1,1,0,255,2,12,0
5486225,0,1,1,1,1,1,255,2,12,0
5486289,1,0,1,0,0,0,255,2,12,0
5488814,0,0,0,1,1,1,255,2,12,0
5489354,0,0,0,0,1,0,255,2,12,0
5489447,1,1,0,0,0,0,255,2,12,0
5491648,0,0,1,1,0,0,255,2,12,0
5492199,0,0,1,1,0,0,255,2,12,0
5493653,1,1,0,0,0,0,255,2,12,0
5493757,0,1,0,1,0,0,255,2,12,0
5493959,0,1,1,0,1,0,255,2,12,0
5494639,0,1,0,1,0,0,255,2,12,0
5495434,0,1,1,1,1,1,255,2,12,0
5495937,0,1,0,1,0,0,255,2,12,0
5496210,1,1,0,0,0,0,255,2,12,0
5497285,1,0,0,0,1,1,255,2,12,0
5497793,1,0,0,1,1,0,255,2,12,0
5498070,1,1,1,1,1,0,255,2,12,0
5499385,1,1,0,0,0,0,255,2,12,0
5499929,0,1,1,0,1,0,255,2,12,0
5500535,1,1,1,1,1,0,255,2,12,0
5502474,1,0,1,0,0,0,255,2,12,0
5502582,1,1,0,0,0,0,255,2,12,0
5502658,0,1,1,1,1,1,255,2,12,0
5503204,1,1,0,0,0,0,255,2,12,0
5503477,0,0,0,0,1,0,255,2,12,0
5503528,0,0,1,1,0,0,255,2,12,0
5505906,0,0,1,1,0,0,63,2,12,0
5506260,0,1,0,1,0,0,63,2,12,0
5512383,1,1,1,1,1,0,63,2,12,0
5523601,1,0,0,1,1,0,63,2,12,0
5526413,1,1,0,0,0,0,63,2,12,0
5534246,1,1,1,1,1,0,63,2,12,0
5545477,0,1,1,0,1,0,63,2,12,0
5545865,1,0,0,1,1,0,63,2,12,0
5546441,0,1,1,0,1,0,63,2,12,0
5548494,0,0,0,0,1,0,63,2,12,0
5549466,0,1,0,1,0,0,63,2,12,0
5551275,0,0,0,0,1,0,63,2,12,0
5552398,1,0,0,1,1,0,63,2,12,0
5556798,1,0,1,0,0,0,63,2,12,0
5556982,1,1,0,0,0,0,63,2,12,0
5576263,0,0,1,1,0,0,59,2,12,0
5579974,1,1,1,1,1,0,59,2,12,0
5593713,0,1,0,0,0,0,59,2,12,0
5601529,0,1,0,1,0,0,59,2,12,0
5608490,0,0,0,0,1,0,59,2,12,0
5611979,0,0,1,1,0,0,59,2,12,0
5612887,1,0,0,1,1,0,59,2,12,0
5616068,0,0,0,0,1,0,59,2,12,0
5618948,0,0,1,1,0,0,59,2,12,0
5620898,0,1,0,1,0,0,59,2,12,0
5621055,0,1,1,0,1,0,59,2,12,0
5621715,1,0,0,1,1,0,59,2,12,0
5626086,0,0,1,1,0,0,59,2,12,0
5628294,1,1,1,1,1,0,59,2,12,0
5628362,1,0,1,0,0,0,59,2,12,0
5629346,0,1,0,1,0,0,59,2,12,0
5640311,1,0,0,1,1,0,91,2,12,0
5643173,0,1,1,0,1,0,91,2,12,0
5643485,1,0,1,0,0,0,91,2,12,0
5643683,0,1,1,1,1,1,91,2,12,0
5646681,0,0,1,0,0,0,91,2,12,0
5646727,1,1,0,0,0,0,91,2,12,0
5648932,0,0,0,0,1,0,91,2,12,0
5650948,1,1,0,0,0,0,91,2,12,0
5653173,0,0,1,1,0,0,91,2,12,0
5658501,1,1,0,0,0,0,91,2,12,0
5661092,1,1,1,1,1,0,91,2,12,0
5666935,1,1,0,0,0,0,91,2,12,0
5670605,0,0,0,0,1,0,91,2,12,0
5677782,0,0,1,1,0,0,91,2,12,0
5683346,1,1,0,0,0,0,91,2,12,0
5688118,1,0,0,1,1,0,91,2,12,0
5690701,1,1,1,1,1,0,91,2,12,0
5692523,0,1,1,0,1,0,91,2,12,0
5693793,1,1,1,1,1,0,91,2,12,0
5694747,0,1,0,1,0,0,91,2,12,0
5696112,1,1,0,0,0,0,91,2,12,0
5699993,0,0,0,0,1,0,91,2,12,0
5701351,1,0,0,1,1,0,91,2,12,0
5702112,1,1,1,1,1,0,189,2,12,0
5704622,0,1,1,0,1,0,189,2,12,0
5708278,0,0,0,0,1,0,189,2,12,0
5711250,1,0,1,0,0,0,189,2,12,0
5713572,1,1,1,1,1,0,189,2,12,0
5714501,1,1,0,0,0,0,189,2,12,0
5718183,0,1,0,1,0,0,189,2,12,0
5721502,1,1,1,1,1,0,189,2,12,0
5723394,1,1,0,0,0,0,189,2,12,0
5723976,0,0,0,0,1,0,189,2,12,0
5724078,0,0,1,1,0,0,189,2,12,0
5726792,1,1,1,1,1,0,189,2,12,0
5728600,1,0,0,1,1,0,189,2,12,0
5728823,0,0,1,1,0,0,189,2,12,0
5731790,1,1,0,0,0,0,189,2,12,0
5738600,1,0,1,0,0,0,189,2,12,0
5740669,1,1,0,0,0,0,189,2,12,0
5741734,1,0,1,0,0,0,189,2,12,0
5742261,0,0,1,1,0,0,189,2,12,0
5743309,0,0,1,1,0,0,189,2,12,0
5743940,1,0,1,0,0,0,189,2,12,0
5744768,0,0,1,1,0,0,189,2,12,0
5745670,0,0,1,1,0,0,189,2,12,0
5747156,0,0,1,1,0,0,189,2,12,0
5748881,0,1,0,1,0,0,189,2,12,0
5749424,0,1,0,1,0,0,189,2,12,0
5750198,0,1,1,0,1,0,189,2,12,0
5751998,1,0,0,1,1,0,189,2,12,0
5752204,0,0,0,0,1,0,189,2,12,0
5752286,0,1,0,1,0,0,189,2,12,0
5754491,0,1,0,1,0,0,189,2,12,0
5755396,1,0,0,1,1,0,189,2,12,0
5755504,0,0,1,1,0,0,189,2,12,0
5759277,0,1,1,0,1,0,189,2,12,0
5759941,0,0,0,0,1,0,189,2,12,0
5760018,1,1,0,0,0,0,189,2,12,0
5762516,0,1,0,1,0,0,189,2,12,0
5762723,1,1,0,0,0,0,189,2,12,0
5763382,0,1,1,0,1,0,189,2,12,0
5764298,0,0,0,0,1,0,189,2,12,0
5764421,1,1,1,1,1,0,189,2,12,0
5765276,0,0,1,1,0,0,189,2,12,0
5765369,1,0,1,0,0,0,189,2,12,0
5766223,1,1,1,1,1,0,189,2,12,0
5769084,1,1,0,0,0,0,108,2,12,0
5769210,1,1,0,0,0,0,108,2,12,0
5779438,0,1,1,0,1,0,108,2,12,0
5785655,1,1,0,0,0,0,108,2,12,0
5789002,0,1,1,0,1,0,108,2,12,0
5791394,1,0,0,1,1,0,108,2,12,0
5797392,0,0,1,1,0,0,108,2,12,0
5798511,0,1,1,0,1,0,108,2,12,0
5799090,1,0,1,0,0,0,108,2,12,0
5802613,0,1,0,1,0,0,108,2,12,0
5804403,1,0,1,0,0,0,108,2,12,0
5805527,0,1,0,1,0,0,108,2,12,0
5810580,1,0,1,0,0,0,108,2,12,0
5812493,0,0,0,0,1,0,108,2,12,0
5813887,0,1,1,0,1,0,108,2,12,0
5814583,0,0,1,1,0,0,108,2,12,0
5814828,0,0,1,1,0,0,108,2,12,0
5820492,1,0,0,1,1,0,108,2,12,0
5820919,0,0,0,0,1,0,108,2,12,0
5822884,0,1,0,1,0,0,108,2,12,0
5875665,1,0,1,1,0,0,31,2,12,0
5877469,1,1,1,1,1,0,31,2,12,0
5891683,0,1,0,1,0,0,31,2,12,0
5898985,0,0,1,1,0,0,141,2,12,0
5899131,0,0,1,1,0,0,141,2,12,0
5900352,1,0,1,0,0,0,141,2,12,0
5901742,0,0,1,1,0,0,141,2,12,0
5902707,1,0,1,0,0,0,141,2,12,0
5903227,0,1,1,0,1,0,141,2,12,0
5907055,1,1,1,0,1,1,141,2,12,0
5907433,1,1,1,1,1,0,141,2,12,0
5907529,1,0,1,0,0,0,141,2,12,0
5909066,0,1,1,0,1,0,141,2,12,0
5909251,1,0,0,1,1,0,141,2,12,0
5911634,0,0,1,1,0,0,141,2,12,0
5911726,0,0,1,1,0,0,141,2,12,0
5916055,0,1,0,1,0,0,141,2,12,0
5918490,1,0,1,1,0,0,141,2,12,0
5921869,1,1,1,1,1,0,141,2,12,0
5925229,0,1,0,1,0,0,141,2,12,0
5926558,0,0,1,1,0,0,141,2,12,0
5929265,1,1,0,0,0,0,141,2,12,0
5931210,1,0,0,1,1,0,141,2,12,0
5935323,0,0,0,0,1,0,141,2,12,0
5940256,0,0,1,1,0,0,141,2,12,0
5941923,0,1,1,0,1,0,141,2,12,0
5952401,1,0,0,1,1,0,141,2,12,0
5953588,0,0,1,1,0,0,141,2,12,0
5954327,0,1,0,1,0,0,141,2,12,0
5954940,1,1,1,1,1,0,141,2,12,0
5962900,1,0,1,0,0,0,141,2,12,0
5964974,1,0,0,1,1,0,76,2,12,0
5966995,1,1,0,0,0,0,76,2,12,0
5974642,1,0,1,0,0,0,76,2,12,0
5979506,0,0,0,0,1,0,76,2,12,0
5979834,1,0,0,0,1,1,76,2,12,0
5986924,1,0,0,1,1,0,76,2,12,0
5989252,1,1,0,0,0,0,76,2,12,0
5991579,0,0,1,1,0,0,76,2,12,0
5997319,0,1,1,0,1,0,76,2,12,0
5998908,1,1,0,0,0,0,76,2,12,0
6011884,1,1,0,0,0,0,76,2,12,0
6014406,1,1,0,0,0,0,76,2,12,0
6016967,1,0,0,1,1,0,76,2,12,0
6019556,1,1,0,0,0,0,76,2,12,0
6023772,0,1,0,1,0,0,76,2,12,0
6025704,0,1,1,0,1,0,76,2,12,0
6034860,1,0,1,0,0,0,238,2,12,0
6035080,1,1,1,1,1,0,238,2,12,0
6036772,1,0,0,1,1,0,238,2,12,0
6036933,0,1,1,0,1,0,238,2,12,0
6040465,1,1,1,1,1,0,238,2,12,0
6040856,1,1,0,0,0,0,238,2,12,0
6041364,0,0,0,0,1,0,238,2,12,0
6042065,0,1,0,1,0,0,238,2,12,0
6042210,1,0,1,0,0,0,238,2,12,0
6042298,0,0,0,0,1,0,238,2,12,0
6042617,0,1,0,1,0,0,238,2,12,0
6042945,0,0,0,0,1,0,238,2,12,0
6043086,1,1,0,0,0,0,238,2,12,0
6049039,1,0,1,0,0,0,238,2,12,0
6058823,0,0,0,0,1,0,238,2,12,0
6058859,1,0,1,0,0,0,238,2,12,0
6063553,1,0,1,0,0,0,238,2,12,0
6064093,1,1,0,0,0,0,238,2,12,0
6065788,1,1,1,1,1,0,238,2,12,0
6066870,0,0,0,0,1,0,238,2,12,0
6069405,0,1,0,1,0,0,238,2,12,0
6071706,1,1,1,1,1,0,238,2,12,0
6072992,1,1,0,0,0,0,238,2,12,0
6073146,0,1,1,0,1,0,238,2,12,0
6077069,0,1,0,1,0,0,238,2,12,0
6077879,1,0,1,0,0,0,238,2,12,0
6078029,1,0,0,0,1,1,238,2,12,0
6080461,0,0,1,1,0,0,238,2,12,0
6081886,0,1,0,1,0,0,238,2,12,0
6083052,0,0,0,0,1,0,238,2,12,0
6083238,0,0,0,0,1,0,238,2,12,0
6085355,1,1,1,1,1,0,238,2,12,0
6085775,1,1,1,1,1,0,238,2,12,0
6086992,1,0,1,0,0,0,238,2,12,0
6087401,0,1,0,1,0,0,238,2,12,0
6087945,0,1,0,1,0,0,238,2,12,0
6088444,0,1,1,0,1,0,238,2,12,0
6090373,0,0,1,1,0,0,238,2,12,0
6091112,1,1,1,1,1,0,238,2,12,0
6091523,1,0,1,0,0,0,238,2,12,0
6093154,1,1,1,1,1,0,238,2,12,0
6102219,0,0,0,0,1,0,57,2,12,0
6109241,1,1,1,1,1,0,57,2,12,0
6121963,0,1,0,1,0,0,57,2,12,0
6131744,1,1,0,0,0,0,57,2,12,0
6135623,0,0,0,0,1,0,57,2,12,0
6135695,0,0,0,0,1,0,57,2,12,0
6140818,0,0,0,0,1,0,57,2,12,0
6149454,0,0,1,1,0,0,57,2,12,0
6158033,0,0,0,0,1,0,57,2,12,0
6164868,0,0,1,0,0,0,134,2,12,0
6166275,1,0,1,0,0,0,134,2,12,0
6169213,1,0,0,1,1,0,134,2,12,0
6169818,1,1,1,1,1,0,134,2,12,0
6172475,0,1,0,1,0,0,134,2,12,0
6173047,1,0,1,0,0,0,134,2,12,0
6173335,0,1,1,0,1,0,134,2,12,0
6174093,0,1,1,0,1,0,134,2,12,0
6183707,1,0,1,0,0,0,134,2,12,0
6187264,1,0,1,0,0,0,134,2,12,0
6188267,1,0,0,1,1,0,134,2,12,0
6190523,0,1,0,1,0,0,134,2,12,0
6190762,0,1,1,0,1,0,134,2,12,0
6191672,0,0,1,1,0,0,134,2,12,0
6193722,1,0,1,0,0,0,134,2,12,0
6194160,0,1,0,1,0,0,134,2,12,0
6196387,0,0,0,0,1,0,134,2,12,0
6200298,1,1,1,1,1,0,134,2,12,0
6201854,1,0,1,0,0,0,134,2,12,0
6202286,1,1,1,1,1,0,134,2,12,0
6203209,1,0,1,0,0,0,134,2,12,0
6208311,0,1,1,1,1,1,134,2,12,0
6212845,0,1,1,0,1,0,134,2,12,0
6219048,0,0,1,1,0,0,134,2,12,0
6221504,1,0,0,1,1,0,134,2,12,0
6223171,1,0,1,0,0,0,134,2,12,0
6226755,1,0,0,1,1,0,184,2,12,0
6226813,0,1,0,1,0,0,184,2,12,0
6230019,0,0,0,0,1,0,184,2,12,0
6233048,1,1,1,1,1,0,184,2,12,0
6233513,0,0,0,0,1,0,184,2,12,0
6234699,0,1,1,0,1,0,184,2,12,0
6235400,1,0,0,1,1,0,184,2,12,0
6235724,1,0,0,1,1,0,184,2,12,0
6236619,0,0,0,0,1,0,184,2,12,0
6236893,1,0,1,0,0,0,184,2,12,0
6236915,0,0,0,0,1,0,184,2,12,0
6240813,0,0,1,1,0,0,184,2,12,0
6242027,1,0,1,0,0,0,184,2,12,0
6243867,1,1,1,1,1,0,184,2,12,0
6246327,0,1,0,1,0,0,184,2,12,0
6250087,0,0,0,0,1,0,184,2,12,0
6251440,0,0,1,1,0,0,184,2,12,0
6251681,0,0,1,1,0,0,184,2,12,0
6253284,1,0,0,1,1,0,184,2,12,0
6254260,1,1,1,1,1,0,184,2,12,0
6255626,1,0,1,0,0,0,184,2,12,0
6255654,0,0,0,0,1,0,184,2,12,0
6257946,0,1,0,1,0,0,184,2,12,0
6261387,1,0,0,1,1,0,184,2,12,0
6263180,1,1,1,1,1,0,184,2,12,0
6266925,1,0,1,0,0,0,184,2,12,0
6267959,0,0,1,1,0,0,184,2,12,0
6268318,1,0,1,0,0,0,184,2,12,0
6268753,0,0,0,0,1,0,184,2,12,0
6269138,0,1,1,0,1,0,184,2,12,0
6270868,0,1,1,0,1,0,184,2,12,0
6271983,1,1,1,1,1,0,184,2,12,0
6276695,1,1,0,0,0,0,184,2,12,0
6282218,0,1,0,1,0,0,184,2,12,0
6282237,0,0,1,1,0,0,184,2,12,0
6282461,0,1,1,0,1,0,184,2,12,0
6282754,0,1,0,1,0,0,184,2,12,0
6282772,0,0,0,0,1,0,184,2,12,0
6286276,1,1,0,0,0,0,184,2,12,0
6288214,0,1,0,1,0,0,184,2,12,0
6288287,1,0,0,1,1,0,184,2,12,0
6291245,0,1,1,0,1,0,184,2,12,0
6292676,1,1,0,0,0,0,95,2,12,0
6292748,1,0,1,0,0,0,95,2,12,0
6299962,1,0,1,0,0,0,95,2,12,0
6303886,1,0,1,0,0,0,95,2,12,0
6304735,1,1,1,1,1,0,95,2,12,0
6310299,0,0,1,1,0,0,95,2,12,0
6311502,0,1,0,1,0,0,95,2,12,0
6319469,0,1,1,0,1,0,95,2,12,0
6330099,1,0,1,0,0,0,95,2,12,0
6331588,0,1,0,1,0,0,95,2,12,0
6335660,0,0,0,0,1,0,95,2,12,0
6337313,0,0,0,0,1,0,95,2,12,0
6337550,0,1,0,1,0,0,95,2,12,0
6345711,0,1,1,0,1,0,95,2,12,0
6347718,0,1,1,0,1,0,95,2,12,0
6351443,1,1,1,1,1,0,95,2,12,0
6357736,0,0,1,1,0,0,77,2,12,0
6363260,0,1,1,0,1,0,77,2,12,0
6363318,0,0,0,0,1,0,77,2,12,0
6363729,1,1,1,1,1,0,77,2,12,0
6364262,1,1,1,1,1,0,77,2,12,0
6366127,1,0,0,1,1,0,77,2,12,0
6367036,1,0,1,0,0,0,77,2,12,0
6372283,1,0,1,0,0,0,77,2,12,0
6372311,0,0,0,0,1,0,77,2,12,0
6376657,1,0,1,0,0,0,77,2,12,0
6378021,1,1,0,0,0,0,77,2,12,0
6378804,1,1,1,1,1,0,77,2,12,0
6382201,1,0,1,0,0,0,77,2,12,0
6386653,0,1,1,0,1,0,77,2,12,0
6387898,1,0,0,1,1,0,77,2,12,0
6389017,1,1,1,1,1,0,77,2,12,0
6390951,0,1,0,1,0,0,77,2,12,0
6396090,0,1,1,1,1,1,77,2,12,0
6403683,0,0,0,0,1,0,77,2,12,0
6404056,1,0,1,0,0,0,77,2,12,0
6404267,0,1,0,1,0,0,77,2,12,0
6408894,1,1,0,0,0,0,77,2,12,0
6410143,0,1,0,1,0,0,77,2,12,0
6415647,0,0,1,0,0,0,77,2,12,0
6416306,0,1,0,0,0,0,77,2,12,0
6418287,1,0,1,0,0,0,77,2,12,0
6418928,1,1,0,0,0,0,77,2,12,0
6420034,0,0,0,1,1,1,77,2,12,0
6424437,1,1,0,0,0,0,121,2,12,0
6426262,0,1,1,0,1,0,121,2,12,0
6428813,0,0,0,0,1,0,121,2,12,0
6431677,0,1,1,0,1,0,121,2,12,0
6432677,1,0,1,0,0,0,121,2,12,0
6439363,1,1,0,1,0,0,121,2,12,0
6440987,1,1,1,1,1,0,121,2,12,0
6449083,1,1,0,0,0,0,121,2,12,0
6451224,1,1,1,1,1,0,121,2,12,0
6455697,1,0,0,1,1,0,121,2,12,0
6456968,1,0,1,0,0,0,121,2,12,0
6457756,1,0,1,0,0,0,121,2,12,0
6459853,1,1,1,1,1,0,121,2,12,0
6461742,0,1,1,0,1,0,121,2,12,0
6463933,0,1,0,1,0,0,121,2,12,0
6465054,0,0,0,0,1,0,121,2,12,0
6465590,1,0,1,0,0,0,121,2,12,0
6469315,0,1,0,1,0,0,121,2,12,0
6472266,1,1,0,0,0,0,121,2,12,0
6474977,1,1,1,1,1,0,121,2,12,0
6482603,0,0,1,1,0,0,121,2,12,0
6486985,1,0,1,0,0,0,121,2,12,0
6486991,1,0,1,0,0,0,121,2,12,0
6489473,1,1,0,0,0,0,114,2,12,0
6489763,0,0,1,1,0,0,114,2,12,0
6491711,1,0,1,0,0,0,114,2,12,0
6494890,1,0,0,1,1,0,114,2,12,0
6502044,0,1,0,1,0,0,114,2,12,0
6502295,1,0,0,1,1,0,114,2,12,0
6511022,1,0,1,0,0,0,114,2,12,0
6512729,0,1,0,1,0,0,114,2,12,0
6514871,1,0,0,1,1,0,114,2,12,0
6519786,0,1,0,1,0,0,114,2,12,0
6524856,1,0,1,0,0,0,114,2,12,0
6525213,1,0,1,0,0,0,114,2,12,0
6529314,1,0,0,1,1,0,114,2,12,0
6529921,1,1,1,1,1,0,114,2,12,0
6539817,0,1,0,1,0,0,114,2,12,0
6542182,0,1,0,1,0,0,114,2,12,0
6550403,1,1,1,1,1,0,114,2,12,0
6550584,1,1,0,0,0,0,114,2,12,0
6551743,1,0,1,0,0,0,114,2,12,0
6559507,1,0,1,0,0,0,48,2,12,0
6560859,0,0,0,0,1,0,48,2,12,0
6563282,0,0,1,1,0,0,48,2,12,0
6573952,0,1,0,1,0,0,48,2,12,0
6575279,1,0,1,0,0,0,48,2,12,0
6578656,0,0,0,0,1,0,48,2,12,0
