tag,phase,water,distance_m,turb,lam_nm,n_qubit,n_click,n_sift,n_err,p_click_meas,p_click_sim,p_click_ratio,z_click,qber_meas_pct,qber_lo_pct,qber_hi_pct,qber_sim_pct,qber_in_CI,skr_meas_pp,skr_sim_pp,cv_h_meas,cv_h_sim,sigma2_h_meas,sigma2_h_sim,irrad_sat,n_blocks,var_click,seconds,secure_meas
fixed_B_turb_L1,fixed,clear_ocean,25.0,1,450,10485760,12374,6124,228,0.0011800765991210938,0.001189251674930225,0.992285000725629,-0.46061695166248945,3.7230568256041803,3.2628725137607026,4.227962710710501,3.689666106451924,True,0.00029325250426799875,0.00032362164403930676,0.15857347586562193,0.1790405693219769,0.02514554724810498,0.03205552546313761,0.0,160.0,43625.389293394815,2823.612360900006,True
fixed_B_turb_L2,fixed,clear_ocean,25.0,2,450,10485760,12581,6274,226,0.001199817657470703,0.001189251674930225,1.0088845639347936,0.3009713964455473,3.6021676761236856,3.1547844951668833,4.093321121006927,3.689666106451924,True,0.00030765370137637003,0.00032362164403930676,0.26782070146720866,0.3558015995944232,0.0717279281343877,0.12659477827395027,0.0,160.0,135509.31731723694,2823.1401236999955,True
fixed_B_turb_L3,fixed,clear_ocean,25.0,3,450,10485760,12594,6392,239,0.0012010574340820313,0.001189251674930225,1.0099270485807799,0.18066990496930618,3.7390488110137667,3.2873545403372404,4.23355346196423,3.689666106451924,True,0.0003056825808204995,0.00032362164403930676,0.3879490041879317,0.6857226784985149,0.15050442985040785,0.47021559180717754,0.10894076544386215,160.0,469478.85017745465,2826.4381240000075,True
fixed_B_turb_L4,fixed,clear_ocean,25.0,4,450,10485760,11536,5679,222,0.00110015869140625,0.001189251674930225,0.9250848366228264,-0.7581713454918827,3.909138932910724,3.4200707243693214,4.446253377406789,3.689666106451924,True,0.00026157459912580624,0.00032362164403930676,0.4395592872092638,1.244719460647849,0.19321236697191604,1.5493265357154722,0.2844140083217753,160.0,1518280.7959494411,2825.343100000013,True
fixed_B_turb_L5,fixed,clear_ocean,25.0,5,450,10485760,13205,6612,231,0.0012593269348144531,0.001189251674930225,1.058923826942131,0.3493229495611765,3.493647912885663,3.064114198381659,3.964801563366315,3.689666106451924,True,0.0003315004833284451,0.00032362164403930676,0.360159800441813,2.130644296701709,0.12971508185428657,4.53964511906752,0.5975766755017039,160.0,4424610.276159296,2826.9466942,True
fixed_A_dist_d0_L3,fixed,clear_ocean,5.0,3,450,931584,10041,5001,78,0.010778416117065127,0.010390705048429205,1.0373132589972356,1.0971167127092405,1.5596880623875224,1.2347696625665388,1.9427865260556811,1.6426354950882422,True,0.003922679981162127,0.003939372153857476,0.11334341516667515,0.12236749907614805,0.012846729761645286,0.014973804830151094,0.0,14.21484375,108381.40571176658,292.19781060001696,True
fixed_A_dist_d1_L3,fixed,clear_ocean,10.0,3,450,1735680,10152,5000,100,0.005849004424778761,0.006040680527801046,0.9682691209806358,-0.6063146519896329,2.0,1.630168000778435,2.4272569792539804,2.1825403123282365,True,0.0019527950662273804,0.002104751203457826,0.2701345843266212,0.26459534660235867,0.07297269364931641,0.07001069744362232,0.0,26.484375,301078.07725614146,511.7973214999947,True
fixed_A_dist_d2_L3,fixed,clear_ocean,15.0,3,450,3179360,9902,5000,137,0.0031144632882089476,0.0035108369467927725,0.887099952350131,-1.9056259187487585,2.74,2.305278011538347,3.231003361391984,2.680262388306994,True,0.0009376042969395843,0.0011301576019231577,0.4239445804303011,0.4073541014674212,0.17972900727622404,0.16593736398233006,0.06927893354877802,48.51318359375,437334.44112139597,890.0951473000168,True
fixed_A_dist_d3_L3,fixed,clear_ocean,20.0,3,450,4043744,7799,4000,137,0.0019286581939905196,0.002041696640462165,0.944635043114898,-0.7842130243955857,3.4250000000000003,2.8831349266143222,4.03619890061048,3.167642968937101,True,0.0005156159735203368,0.0006069338806566654,0.4158182285448257,0.547785733217691,0.1729047991901569,0.30006920951684335,0.12976022566995768,61.70263671875,339743.8202383908,1117.359397399996,True
fixed_A_dist_d4_L3,fixed,clear_ocean,25.0,3,450,4798368,5846,3000,100,0.0012183308991723853,0.001189251674930225,1.0244516992114947,0.3010381476934665,3.3333333333333335,2.720190235859659,4.039528727732443,3.689666106451924,True,0.00032661268133939186,0.00032362164403930676,0.4103028904181216,0.6857226784985149,0.16834846188546512,0.47021559180717754,0.15531987683886417,73.21728515625,214837.29280169416,1314.1110712999944,True
fixed_A_dist_d5_L3,fixed,clear_ocean,30.0,3,450,6953536,4032,2000,82,0.0005798488711354913,0.0006353764639221993,0.9126067836319678,-1.0768689939741822,4.1000000000000005,3.273891410988626,5.063840339803214,4.395563493639661,True,0.0001251770619967386,0.0001523991451507019,0.4204136636905496,0.8214552955052011,0.17674764861771056,0.6747888025135373,0.3472222222222222,106.1025390625,128559.25962213041,1892.7399628999992,True
fixed_A_dist_d6_L3,fixed,clear_ocean,35.0,3,450,9119008,2366,1200,56,0.00025945804631380957,0.00027805438382544345,0.9331197830590282,-0.8016111661337498,4.666666666666667,3.5440990104981815,6.017550316503035,5.835669154691107,True,4.7561021095943556e-05,4.980322136504231e-05,0.4428980744008225,0.9558781317282251,0.1961587043079565,0.913703002716242,0.31783601014370244,139.14501953125,44753.037436240564,2447.9534257999912,True
fixed_A_dist_d7_L3,fixed,clear_ocean,40.0,3,450,8347904,1231,600,43,0.00014746216535312337,0.00013061992737861683,1.128940800324344,1.272753475855405,7.166666666666667,5.234782323673622,9.532314344396937,8.454949624129844,True,8.441092466367248e-06,1.0709504699044388e-05,0.3887033055963499,1.0911118621971128,0.1510902597815294,1.190525095827251,0.545085296506905,127.37890625,12202.98022817958,2211.2565315999964,True
fixed_A_dist_d9_L3,fixed,clear_ocean,50.0,3,450,9527168,295,150,40,3.096408082653733e-05,3.828578902742574e-05,0.8087617262989261,-1.505146968409913,26.666666666666668,19.78420832095106,34.494920940771415,19.731616583077386,False,0.0,0.0,0.637636704595981,1.3957966536287043,0.4065805670480223,1.9482482982810891,0.18983050847457628,145.373046875,2147.804083461605,2517.0133492999885,False
fixed_D_coastal_d0_L3,fixed,coastal,2.0,3,450,1293440,10330,5000,136,0.007986454725383474,0.008527972063457012,0.9365010422121363,-4.6230033490458275,2.7199999999999998,2.286898230050078,3.209412526045353,2.601714579393616,True,0.0023128531541797264,0.0027800614532604642,0.09663173558958109,0.04397993403987407,0.009337692323054713,0.001934234598151674,0.0,19.736328125,22954.555712376306,390.08839600000647,True
fixed_D_coastal_d1_L3,fixed,coastal,4.0,3,450,2467296,10035,5000,177,0.0040672055562040385,0.004067421797796844,0.9999468357098045,-0.002884798287641747,3.54,3.045086175740615,4.090063383253318,3.622680478399798,True,0.0010444049550330965,0.0011196948226524109,0.13602280399565536,0.095052613698251,0.018502203206840477,0.009034999370868935,0.0,37.64794921875,34205.03738643875,702.6932150000066,True
fixed_D_coastal_d2_L3,fixed,coastal,6.0,3,450,3937504,7983,4000,180,0.0020274265118206862,0.001941251905035024,1.0443912542015548,1.967735525581355,4.5,3.8785225238933005,5.188979474842502,4.365109497883406,True,0.00042737106440577836,0.000468251520817758,0.1306746476624419,0.15072243024893323,0.017075863541703335,0.022717250980144543,0.0,60.08154296875,29734.94803399316,1077.1286405999854,True
fixed_D_coastal_d3_L3,fixed,coastal,8.0,3,450,6660672,5999,3000,162,0.0009006598733581236,0.0009295490468193002,0.9689213026896982,-1.2826441565323623,5.4,4.618386120947672,6.269953691244306,5.055315835707633,True,0.00015086704157631515,0.00019637457668842442,0.2994966587347913,0.2079761934860893,0.08969824859330405,0.04325409705696326,0.022337056176029338,101.6337890625,22505.774059695825,1785.4149217000231,True
fixed_D_coastal_d4_L3,fixed,coastal,10.0,3,450,8660544,3997,2000,119,0.0004615183526577545,0.00044854417328565876,1.0289250873042397,1.0276469086288318,5.949999999999999,4.953466723336207,7.07795372688371,5.955080089678546,True,6.375519232865044e-05,7.819955907922394e-05,0.31467360093623925,0.2658509381375221,0.09901947512617955,0.07067672130860059,0.01426069552164123,132.1494140625,11955.350154434378,2304.2868191999733,True
fixed_D_coastal_d5_L3,fixed,coastal,13.0,3,450,10540768,1587,800,62,0.00015055828949086064,0.00015564409896517972,0.9673241098883109,-0.8779111672025297,7.75,5.993219391661915,9.825312367917066,8.598639319760695,True,7.2102173782150584e-06,1.1995631836504349e-05,0.2712463727523741,0.353241294294043,0.07357459473131989,0.12477941199453069,0.0,160.83935546875,3728.752312421916,2792.0104234000028,True
fixed_D_coastal_d6_L3,fixed,coastal,16.0,3,450,10105504,603,300,60,5.967045285420698e-05,5.971244791569408e-05,0.9992967117753003,-0.013007802324922288,20.0,15.623130113666425,24.980440153066098,14.730706867951449,False,0.0,0.0,0.4108786419743116,0.4418295665227347,0.16882125843065454,0.19521336585366766,0.11442786069651742,154.19775390625,1064.3992077079165,2671.7085300000035,False
fixed_D_coastal_d7_L3,fixed,coastal,19.0,3,450,12072992,302,150,34,2.5014511729983754e-05,2.8296688824980265e-05,0.8840084394574459,-1.7338650947483483,22.666666666666664,16.236927195059327,30.20774325061648,25.6515929695652,True,0.0,0.0,0.4151760114042399,0.5340350930699231,0.17237112044553352,0.28519348063020145,0.07947019867549669,184.21923828125,522.3038643848614,3189.513554299978,False
fixed_D_harbor_d0_L3,fixed,harbor,0.5,3,450,2044896,9915,5000,212,0.004848657340030984,0.005123440206782459,0.9463675078343425,-4.415320485944041,4.24,3.6983519961445404,4.835855446198105,3.9494256832988817,True,0.0010993072034019952,0.001332255579203905,0.16287503086537994,0.040319177363533104,0.02652827567939847,0.0016256360632720401,0.0,31.20263671875,16195.60911584928,591.0254727000138,True
fixed_D_harbor_d1_L3,fixed,harbor,1.0,3,450,5429056,7882,4000,220,0.0014518177745818058,0.0014703280283878684,0.9874107998700412,-1.0088494458183443,5.5,4.813716885472532,6.252154231868456,5.060024092553427,True,0.00024669825772308577,0.0003103255424912349,0.24111765400108023,0.05022086005304911,0.058137723070984644,0.0025221347844679443,0.025120527784826187,82.8408203125,9922.490015680556,1469.5169060000044,True
fixed_D_harbor_d2_L3,fixed,harbor,1.5,3,450,7381056,3072,1500,90,0.0004162006086933902,0.0004280375422650584,0.9723460388333454,-1.475738138318573,6.0,4.851980168886719,7.3237942465433274,6.270258076779562,True,5.286633963620981e-05,6.930740105036413e-05,0.1735558243489092,0.06245537534042846,0.030121624165429427,0.0039006739089137987,0.0,112.6259765625,3505.070996108163,1962.7601930999954,True
fixed_D_harbor_d3_L3,fixed,harbor,2.0,3,450,8973184,1202,600,57,0.0001339546809694307,0.00013115590192103177,1.0213393298159321,0.7141891092761214,9.5,7.2746910014549595,12.133062092934676,9.43422220892,True,0.0,6.452887374304424e-06,0.19581904266601494,0.07678468081674635,0.038345097470634575,0.005895887208129613,0.0,136.919921875,1236.5279237181883,2373.8688119,False
fixed_D_harbor_d4_L3,fixed,harbor,2.5,3,450,11312096,512,250,36,4.526128491130203e-05,4.663390781900478e-05,0.9705659900296117,-0.6672595217822269,14.399999999999999,10.293748239869423,19.374252251983428,17.538448900644074,True,0.0,0.0,0.21520901597609907,0.09309790988900839,0.046314920557400864,0.008667220825701927,0.0,172.60888671875,541.5007837719894,2989.506888200005,False
fixed_D_harbor_d5_L3,fixed,harbor,3.0,3,450,10427232,236,120,38,2.263304393725967e-05,2.2573838763917387e-05,1.0026227339515208,0.039874035157352467,31.666666666666664,23.478487047894077,40.78469324799685,30.913931539319705,True,0.0,0.0,0.19395126846065294,0.11141088338447551,0.037617094537496266,0.012412384936509202,0.0,159.10693359375,239.7049552479417,2754.323858000018,False
fixed_D_harbor_d6_L3,fixed,harbor,3.5,3,450,9577632,159,80,34,1.660118075115018e-05,1.572515463754698e-05,1.055708584989779,0.6776289388611116,42.5,31.51097654523422,54.06111885690619,42.2014279234018,True,0.0,0.0,0.14991940963376016,0.13186379900279338,0.022475829384935177,0.01738806148744909,0.0,146.14306640625,153.3085964140946,2529.057247399993,False
fixed_C_lam_clear_450,fixed,clear_ocean,5.0,3,450,89184,809,400,6,0.00907113383566559,0.010390705048429205,0.8730046511171927,-1.155340311528071,1.5,0.5524109504580662,3.236129448077496,1.6426354950882422,True,0.002768891279027343,0.003939372153857476,0.04171846332130413,0.12236749907614805,0.0017404301818909982,0.014973804830151094,0.0,1.36083984375,10375.754936750945,27.765359199984232,True
fixed_C_lam_clear_532,fixed,clear_ocean,5.0,3,532,83072,847,400,9,0.010195974576271187,0.009442802606983491,1.079761486142968,0.7360543462714354,2.25,1.0338850958683778,4.228103003667277,1.7421333218010462,True,0.00252904812438322,0.003524938463100037,0.0521925463016107,0.11519040438778493,0.002724061889445777,0.01326882926302142,0.0,1.267578125,7225.66573782387,26.521738299983554,True
fixed_C_lam_clear_650,fixed,clear_ocean,5.0,3,650,238272,741,400,14,0.0031098912167606767,0.0034005690020358914,0.9145208389827737,-1.2920040643389192,3.5000000000000004,1.9264466585879916,5.802726168241625,2.7088557981626904,True,0.0006584804611330392,0.0010896304728694828,0.11856905654657765,0.10689765577016792,0.014058621170345528,0.011427108809157316,0.0,3.6357421875,2873.7034266819446,66.49027949999436,True
fixed_C_lam_harbor_450,fixed,harbor,0.5,3,450,142304,816,400,19,0.0057342028333708115,0.005123440206782459,1.1192094768237597,2.588916106981225,4.75,2.883693038042328,7.318536540137065,3.9494256832988817,True,0.0007764423825747343,0.001332255579203905,0.1796040809665417,0.040319177363533104,0.03225762589983607,0.0016256360632720401,0.0,2.17138671875,1127.0499622581372,41.38259809999727,True
fixed_C_lam_harbor_532,fixed,harbor,0.5,3,532,105472,818,400,14,0.00775561286407767,0.007084428674442922,1.0947407646372451,1.958722702156925,3.5000000000000004,1.9264466585879916,5.802726168241625,3.4786882172201326,True,0.001487574488348486,0.001998822214326295,0.16065286697250303,0.04014131999237698,0.025809343666484755,0.0016113255707304042,0.0,1.609375,1306.2066313400649,31.815513900015503,True
fixed_C_lam_harbor_650,fixed,harbor,0.5,3,650,120160,803,401,11,0.0066827563249001335,0.0077715219587688456,0.8599031644451285,-3.179155941626776,2.7431421446384037,1.3771504221985011,4.855149962601148,3.3179436902449844,True,0.0015701453920923738,0.002253009730662464,0.02279131909605956,0.03996364312253503,0.0005194442261384092,0.0015970927716253414,0.0,1.83349609375,1693.421172917943,35.96905179999885,True
adaptive_A_dist_d0_L3,adaptive,clear_ocean,5.0,3,450,883488,10063,5000,79,0.011390081132963888,0.010390705048429205,1.0961798145435533,2.753993434758706,1.58,1.252844078075413,1.965310203262797,1.6426354950882422,True,0.004121102517914675,0.003939372153857476,0.16748491106002197,0.12236749907614805,0.02805119543278347,0.014973804830151094,0.0,13.48095703125,102785.86941110757,285.3685393999913,True
adaptive_A_dist_d1_L3,adaptive,clear_ocean,10.0,3,450,1586432,10048,5000,122,0.0063337098596094885,0.006040680527801046,1.0485093244808814,0.8861700910438631,2.44,2.030292088394118,2.906437611546473,2.1825403123282365,True,0.0019805159183346565,0.002104751203457826,0.21602954956423795,0.26459534660235867,0.04666876628492754,0.07001069744362232,0.0,24.20703125,275188.9151557978,471.8277999999991,True
adaptive_A_dist_d2_L3,adaptive,clear_ocean,15.0,3,450,2127168,10036,5000,110,0.004718010049041731,0.0035108369467927725,1.343841972881064,4.747155505849145,2.1999999999999997,1.8115177798283306,2.6455844906704784,2.680262388306994,False,0.0015396628660660913,0.0011301576019231577,0.39929916487084177,0.4073541014674212,0.1594398230665517,0.16593736398233006,0.21960940613790356,32.4580078125,292600.9726647242,623.1709251000138,True
adaptive_A_dist_d3_L3,adaptive,clear_ocean,20.0,3,450,3333792,8046,4000,115,0.0024134679068160223,0.002041696640462165,1.1820893755644823,2.3418610027165934,2.875,2.37931262610593,3.441012105862055,3.167642968937101,True,0.0006921145229637043,0.0006069338806566654,0.463114367004369,0.547785733217691,0.21447491692585735,0.30006920951684335,0.24397216007954264,50.86962890625,280095.68112130376,932.2769967999775,True
adaptive_A_dist_d4_L3,adaptive,clear_ocean,25.0,3,450,3922304,5956,3001,101,0.001518495251770388,0.001189251674930225,1.2768493698858823,3.0816256268599447,3.365544818393869,2.7494785681002987,4.0745538072619745,3.689666106451924,True,0.0003972585439475843,0.00032362164403930676,0.39642933154059223,0.6857226784985149,0.1571562149057208,0.47021559180717754,0.18770987239758227,59.849609375,175613.28620590502,1063.6137923999922,True
adaptive_A_dist_d5_L3,adaptive,clear_ocean,30.0,3,450,4028064,3937,2000,88,0.0009773926134242156,0.0006353764639221993,1.538288981292665,5.048309432302697,4.3999999999999995,3.543624464675896,5.393046169765881,4.395563493639661,True,0.0002024640847079818,0.0001523991451507019,0.3849439353237173,0.8214552955052011,0.14818183334251023,0.6747888025135373,0.46558293116586236,61.46337890625,74472.17150390205,1082.2920565999812,True
adaptive_A_dist_d6_L3,adaptive,clear_ocean,35.0,3,450,6578688,2412,1200,57,0.0003666384543544245,0.00027805438382544345,1.3185854123580092,3.2433051953082135,4.75,3.6171461207449447,6.110669526122855,5.835669154691107,True,6.458656919604634e-05,4.980322136504231e-05,0.43586644180384726,0.9558781317282251,0.18997955509074657,0.913703002716242,0.376865671641791,100.3828125,32285.997593745553,1748.8224912000005,True
adaptive_A_dist_d7_L3,adaptive,clear_ocean,40.0,3,450,6255808,1172,600,48,0.00018734590319907516,0.00013061992737861683,1.4342827083040062,3.710901700473081,8.0,5.957246901486142,10.46706946656102,8.454949624129844,True,5.5612639022813565e-06,1.0709504699044388e-05,0.3990748414037559,1.0911118621971128,0.1592607290414329,1.190525095827251,0.5563139931740614,95.4560546875,9144.750746449365,1657.8416355999943,True
adaptive_A_dist_d9_L3,adaptive,clear_ocean,50.0,3,450,6588800,297,150,24,4.5076493443419134e-05,3.828578902742574e-05,1.1773687989329127,1.1609207383971356,16.0,10.528667783956386,22.864918353310774,19.731616583077386,True,0.0,0.0,0.4719295938502996,1.3957966536287043,0.22271754155170873,1.9482482982810891,0.2962962962962963,100.537109375,1485.378608324302,1741.7580810000072,False
adaptive_D_coastal_d0_L3,adaptive,coastal,2.0,3,450,1012128,10065,5000,137,0.009944394384899934,0.008527972063457012,1.1660913416347123,10.696684342798516,2.74,2.305278011538347,3.231003361391984,2.601714579393616,True,0.0029452614664526983,0.0027800614532604642,0.17251724393012413,0.04397993403987407,0.02976219945324595,0.001934234598151674,0.0,15.44384765625,17962.138610261012,314.6405039000092,True
adaptive_D_coastal_d1_L3,adaptive,coastal,4.0,3,450,1887168,9888,5000,152,0.005239597110591108,0.004067421797796844,1.2881863182788624,13.676137071801515,3.04,2.5817047154862163,3.5541431410029007,3.622680478399798,False,0.001497191873522737,0.0011196948226524109,0.11173584829231377,0.095052613698251,0.012484899793602958,0.009034999370868935,0.0,28.7958984375,26162.508265927907,551.0278199000168,True
adaptive_A_dist_d8_L3,adaptive,clear_ocean,45.0,3,450,16414368,1626,810,77,9.905955562833731e-05,6.686262273658539e-05,1.4815385872402318,5.764448486517187,9.506172839506172,7.574946361202044,11.737765275796312,12.966744937155411,False,0.0,0.0,0.43891586845870634,1.2327147231069013,0.1926471395848604,1.5195855885645244,0.42558425584255843,250.46337890625,8405.46630225527,4343.89358459998,False
fixed_A_dist_d8_L3,fixed,clear_ocean,45.0,3,450,24620064,1615,810,110,6.559690502835411e-05,6.686262273658539e-05,0.9810698764656938,-0.2775317167880535,13.580246913580247,11.295269162223565,16.133911639325067,12.966744937155411,True,0.0,0.0,0.5053174181395054,1.2327147231069013,0.2553456930751757,1.5195855885645244,0.3256965944272446,375.67236328125,12607.43747863872,6511.108266199997,False
adaptive_B_turb_L1,adaptive,clear_ocean,25.0,1,450,10485760,14274,7153,268,0.0013612747192382813,0.001189251674930225,1.144648141292842,8.63608453305847,3.746679714804977,3.3185491342887308,4.213015191320755,3.689666106451924,True,0.0003430594973898232,0.00032362164403930676,0.1323773784944264,0.1790405693219769,0.017523770337056627,0.03205552546313761,0.0,160.0,43625.389293394815,3548.296727899986,True
adaptive_B_turb_L2,adaptive,clear_ocean,25.0,2,450,10485760,14825,7455,290,0.0014138221740722656,0.001189251674930225,1.1888334520573338,6.396877570857281,3.8900067069081152,3.462496088715846,4.354033149185343,3.689666106451924,True,0.0003484763088815188,0.00032362164403930676,0.25173334412464565,0.3558015995944232,0.06336967654417727,0.12659477827395027,0.009443507588532884,160.0,135509.31731723694,3563.6418277000193,True
adaptive_B_turb_L3,adaptive,clear_ocean,25.0,3,450,10485760,15118,7476,287,0.0014417648315429687,0.001189251674930225,1.2123294521553303,3.86434514054476,3.838951310861423,3.4148155260379633,4.29954420396107,3.689666106451924,True,0.00035291364337883887,0.00032362164403930676,0.3895465095984699,0.6857226784985149,0.15174648314035083,0.47021559180717754,0.08241830930017198,160.0,469478.85017745465,3567.822393499955,True
adaptive_B_turb_L4,adaptive,clear_ocean,25.0,4,450,10485760,16363,8129,291,0.0015604972839355468,0.001189251674930225,1.312167404790162,3.1592586952907986,3.57977611022266,3.186472424363065,4.006791642662544,3.689666106451924,True,0.0004040304345773086,0.00032362164403930676,0.4213773408346207,1.244719460647849,0.1775588633688561,1.5493265357154722,0.3001894518120149,160.0,1518280.7959494411,3565.3601187000168,True
adaptive_B_turb_L5,adaptive,clear_ocean,25.0,5,450,10485760,17506,8773,332,0.0016695022583007812,0.001189251674930225,1.4038258625103328,2.394033937064813,3.7843383107260915,3.3947605677679564,4.204977953909523,3.689666106451924,True,0.0004207962289433002,0.00032362164403930676,0.38561472616468956,2.130644296701709,0.1486987170350685,4.53964511906752,0.5536387524277391,160.0,4424610.276159296,3590.260512800014,True
adaptive_D_coastal_d0_L5,adaptive,coastal,2.0,5,450,990044,9925,5000,136,0.010024806978275713,0.008527972063457012,1.1755206165874708,3.5255618403941575,2.7199999999999998,2.286898230050078,3.209412526045353,2.601714579393616,True,0.003021620032788669,0.0027800614532604642,0.26703741416322363,0.18882277531039646,0.07130898056298103,0.03565404047592047,0.0,15.10687255859375,176685.1820421687,388.72620199999983,True
adaptive_D_coastal_d2_L3,adaptive,coastal,6.0,3,450,3172913,7966,4000,169,0.0025106266701923436,0.001941251905035024,1.2933028751603708,11.670896275354924,4.2250000000000005,3.622768301069964,4.895192637351464,4.365109497883406,True,0.0005616568158701069,0.000468251520817758,0.17291255938175382,0.15072243024893323,0.02989875319194854,0.022717250980144543,0.0,48.41481018066406,23960.966940320915,1146.1008614000002,True
adaptive_D_coastal_d3_L3,adaptive,coastal,8.0,3,450,4276262,5978,3000,141,0.0013979498917512537,0.0009295490468193002,1.5039011621115763,16.663332844984062,4.7,3.9705216286279814,5.519362692244118,5.055315835707633,True,0.00027701728809883706,0.00019637457668842442,0.3574607547462758,0.2079761934860893,0.12777819118377715,0.04325409705696326,0.04700568752091,65.25057983398438,14449.080572059844,1513.4508743999995,True
adaptive_D_coastal_d4_L3,adaptive,coastal,10.0,3,450,6607272,3979,2000,118,0.0006022152561601823,0.00044854417328565876,1.342599663593572,10.631503352314642,5.8999999999999995,4.907630280393374,7.023955014453871,5.955080089678546,True,8.47829125956257e-05,7.819955907922394e-05,0.29494068519280364,0.2658509381375221,0.0869900077820005,0.07067672130860059,0.0,100.8189697265625,9120.934011257254,2248.4693658,True
adaptive_D_coastal_d5_L3,adaptive,coastal,13.0,3,450,6738926,1567,800,64,0.00023252963454413952,0.00015564409896517972,1.493982978411282,10.611929282271577,8.0,6.215226832444869,10.101233239925435,8.598639319760695,True,9.19202652504434e-06,1.1995631836504349e-05,0.29435986190428776,0.353241294294043,0.08664772830031135,0.12477941199453069,0.014677728142948309,102.82785034179688,2383.8667074107093,2292.36878,True
adaptive_D_coastal_d6_L3,adaptive,coastal,16.0,3,450,7467118,633,300,41,8.477166157009973e-05,5.971244791569408e-05,1.4196648191309438,6.672224705952832,13.666666666666666,9.989123371643185,18.080492488646563,14.730706867951449,True,0.0,0.0,0.4433353403006088,0.4418295665227347,0.1965462239594566,0.19521336585366766,0.15165876777251186,113.93917846679688,786.5015424328684,2531.316113499999,False
adaptive_D_coastal_d7_L3,adaptive,coastal,19.0,3,450,8396147,294,150,36,3.501606153393932e-05,2.8296688824980265e-05,1.2374614482464537,2.960155903723678,24.0,17.410454730033283,31.64547505468187,25.6515929695652,True,0.0,0.0,0.4743372590176437,0.5340350930699231,0.2249958352923712,0.28519348063020145,0.10204081632653061,128.1150360107422,363.23556116357577,2856.7016114,False
adaptive_D_harbor_d0_L3,adaptive,harbor,0.5,3,450,1378278,9956,5000,176,0.0072235064333900706,0.005123440206782459,1.409893770952479,27.703738050115323,3.52,3.0264940502128637,4.068682966880366,3.9494256832988817,True,0.0018766649125694184,0.001332255579203905,0.14013023941604238,0.040319177363533104,0.01963648399879736,0.0016256360632720401,0.0,21.030853271484375,10915.983864692636,546.5334410999999,True
adaptive_D_harbor_d1_L3,adaptive,harbor,1.0,3,450,2627301,8052,4000,197,0.003064742106062457,0.0014703280283878684,2.0843934461500906,60.451608518026816,4.925,4.275055719772232,5.641746727502455,5.060024092553427,True,0.0005837123363622211,0.0003103255424912349,0.1813577999218056,0.05022086005304911,0.03289065159247767,0.0025221347844679443,0.0,40.08943176269531,4801.823363156973,956.2519889999999,True
adaptive_D_harbor_d2_L3,adaptive,harbor,1.5,3,450,2395499,3074,1500,78,0.0012832399429095983,0.0004280375422650584,2.9979611977936353,60.740414162490005,5.2,4.13177067921609,6.447625700489357,6.270258076779562,True,0.0002040834507068665,6.930740105036413e-05,0.26279197788942427,0.06245537534042846,0.06905962364303565,0.0039006739089137987,0.0,36.55241394042969,1137.5600003720483,830.8409259,True
adaptive_D_harbor_d3_L3,adaptive,harbor,2.0,3,450,6066179,1173,600,59,0.00019336719209901324,0.00013115590192103177,1.4743308479967492,13.05263342485676,9.833333333333332,7.570032162277025,12.500766568046453,9.43422220892,True,0.0,6.452887374304424e-06,0.20973317951406512,0.07678468081674635,0.043988006589079066,0.005895887208129613,0.0,92.56254577636719,835.9351289099694,1931.9252262999998,False
adaptive_D_harbor_d4_L3,adaptive,harbor,2.5,3,450,8369056,513,250,40,6.129723591286759e-05,4.663390781900478e-05,1.3144348989746693,6.131161913907039,16.0,11.683337575795344,21.143763545518958,17.538448900644074,True,0.0,0.0,0.16128205370479248,0.09309790988900839,0.026011900847235567,0.008667220825701927,0.0,127.70166015625,400.61986597635575,2671.537458999999,False
adaptive_D_harbor_d5_L3,adaptive,harbor,3.0,3,450,9630990,225,120,34,2.3362084271710386e-05,2.2573838763917387e-05,1.034918540707084,0.5102029702135469,28.333333333333332,20.48556678635227,37.28205384217113,30.913931539319705,True,0.0,0.0,0.19521342628370195,0.11141088338447551,0.03810828180142233,0.012412384936509202,0.0,146.95724487304688,221.40065809827328,3171.2117333000006,False
adaptive_D_harbor_d6_L3,adaptive,harbor,3.5,3,450,8795171,141,80,36,1.603152457183607e-05,1.572515463754698e-05,1.0194827931012882,0.22709841678961667,45.0,33.848638448981546,56.5326020905847,42.2014279234018,True,0.0,0.0,0.21315214195959117,0.13186379900279338,0.04543383562196171,0.01738806148744909,0.0,134.2036590576172,140.78378885636332,2988.049082200001,False
