water,water_name,distance_m,turb,turb_name,lam_nm,sigma2_s,sigma2_ho,sigma2_h,cv_h,L_dB,nbar,e_pol_pct,p_click,sift_eff,qber_pct,skr_bps,qber_win_std_pct,qber_win_p90_pct,outage,skr_outage_bps,secure_mean,secure_outage
clear_ocean,Clear ocean,5.0,1,VERYWEAK,450,0.0001,0.0008663269738547174,0.0009664136065521411,0.031087193610104806,-2.3690221119720003,0.01043206522849413,1.5820383619589724,0.010390705048429205,0.005195352524214603,1.6426354950882422,39393.721538574755,0.7946418481257824,2.7027027027027026,0.0,39861.78499444104,True,True
clear_ocean,Clear ocean,10.0,1,VERYWEAK,450,0.0001,0.0044256157237324515,0.004526058285304613,0.06727598594821642,-4.738044223944001,0.006045999162864238,2.079384560219974,0.006040680527801046,0.003020340263900523,2.1825403123282365,21047.51203457826,1.2167888394922493,3.79746835443038,0.0,21427.18806646548,True,True
clear_ocean,Clear ocean,15.0,1,VERYWEAK,450,0.0001,0.01085664023308624,0.010957725897109638,0.10467915693732749,-7.107066335916001,0.003504014313245592,2.504362116840387,0.0035108369467927725,0.0017554184733963862,2.680262388306994,11301.576019231577,1.7515239389154817,5.0,0.0,11692.492163871895,True,True
clear_ocean,Clear ocean,20.0,1,VERYWEAK,450,0.00012006806434905532,0.020005134640010473,0.020127604682153022,0.1418717895924099,-9.476088447888001,0.0020307836598530598,2.867501363229632,0.002041696640462165,0.0010208483202310825,3.167642968937101,6069.338806566653,2.4892672294513427,6.521739130434782,0.00675,6390.790496159541,True,True
clear_ocean,Clear ocean,25.0,1,VERYWEAK,450,0.0003332138404455216,0.031711744830410164,0.03205552546313761,0.1790405693219769,-11.845110559860004,0.0011769593113637306,3.1778003665860233,0.001189251674930225,0.0005946258374651126,3.689666106451924,3236.216440393068,3.539464834018461,8.333333333333332,0.03575,3631.4080813424825,True,True
clear_ocean,Clear ocean,30.0,1,VERYWEAK,450,0.0009247376816342181,0.0458404994894306,0.046807627608287605,0.21635070512546892,-14.610785142785428,0.0006225783165887754,3.442947889034652,0.0006353764639221993,0.00031768823196109963,4.395563493639661,1523.9914515070188,5.4700878671777,11.76470588235294,0.12625,1928.7347737305545,True,False
clear_ocean,Clear ocean,35.0,1,VERYWEAK,450,0.002566339317391107,0.06227759817450083,0.06500376294067989,0.2549583553066655,-18.318743047369693,0.00026509296361225203,3.669513904072409,0.00027805438382544345,0.00013902719191272173,5.835669154691107,498.03221365042305,10.343840138000306,20.0,0.26225,885.06739321743,True,False
clear_ocean,Clear ocean,40.0,1,VERYWEAK,450,0.007122125141854652,0.08092704049233278,0.08862553814393381,0.29770041676815606,-21.847604098895424,0.00011762837440353638,3.8631123910431304,0.00013061992737861683,6.530996368930841e-05,8.454949624129844,107.09504699044388,19.933536979632873,50.0,0.28775,456.3412083459707,True,False
clear_ocean,Clear ocean,45.0,1,VERYWEAK,450,0.019765377942229382,0.10170627955922218,0.12348192055603735,0.3513999438759735,-25.239676659815053,5.3864773640578125e-05,4.028540441455307,6.686262273658539e-05,3.343131136829269e-05,12.966744937155411,0.0,28.450642641767455,50.0,0.39775,237.8999999803467,False,False
clear_ocean,Clear ocean,50.0,1,VERYWEAK,450,0.054853032966707224,0.12454400221119735,0.18622865143700107,0.4315421780510001,-28.523848583000557,2.52864374461462e-05,4.169897123996493,3.828578902742574e-05,1.914289451371287e-05,19.731616583077386,0.0,30.695017880765906,50.0,0.57475,127.24999998948769,False,False
clear_ocean,Clear ocean,55.0,1,VERYWEAK,450,0.1522285703031335,0.149377346429461,0.3243454166152271,0.5695133155732419,-31.720724398137058,1.2111559450616787e-05,4.290685053548121,2.5111328656790555e-05,1.2555664328395277e-05,27.954178849136905,0.0,29.960216905900584,100.0,0.70725,75.79999999373806,False,False
clear_ocean,Clear ocean,60.0,1,VERYWEAK,450,0.4224659305639694,0.17615118937523339,0.6730349960785607,0.8203871013604253,-34.845517727897054,5.898216806759988e-06,4.393897180934588,1.889812273581093e-05,9.449061367905465e-06,35.76630817883178,0.0,28.393270476176806,100.0,0.78075,51.69999999572899,False,False
clear_ocean,Clear ocean,65.0,1,VERYWEAK,450,1.172430787019004,0.2048153607810664,1.6173779824341974,1.2717617632379885,-37.90978196505329,2.9126902939607356e-06,4.4820909539314755,1.5912648187232925e-05,7.956324093616463e-06,41.66842099468134,0.0,26.73120044224227,100.0,0.83375,37.09999999693511,False,False
clear_ocean,Clear ocean,70.0,1,VERYWEAK,450,3.2537391796659016,0.23532482847250624,4.254749622487559,2.0627044438037068,-40.92249774445332,1.4555352602474559e-06,4.55745168713584,1.4455515279010456e-05,7.227757639505228e-06,45.424428955031296,0.0,26.073738584061935,100.0,0.8455,34.44999999715403,False,False
clear_ocean,Clear ocean,75.0,1,VERYWEAK,450,9.029802668531707,0.2676392458622761,11.714171490884976,3.4225971850168078,-43.89078432397418,7.348421729248967e-07,4.621846710912631,1.3734832350009718e-05,6.867416175004859e-06,47.57220983708754,0.0,25.59433768488214,100.0,0.86,30.94999999744317,False,False
clear_ocean,Clear ocean,80.0,1,VERYWEAK,450,25.05957968056761,0.3017205324773876,32.92228993792538,5.737794867187688,-46.82038090795105,3.74312572294965e-07,4.6768716411500835,1.3374307636149219e-05,6.687153818074609e-06,48.73154029782707,0.0,25.277006665588825,100.0,0.86825,29.149999997591873,False,False
clear_ocean,Clear ocean,5.0,2,WEAK,450,0.0001,0.003660410688081383,0.003760776729150095,0.06132517206783928,-2.3690221119720003,0.01043206522849413,1.5820383619589724,0.010390705048429205,0.005195352524214603,1.6426354950882422,39393.721538574755,0.7967479232801989,2.6717557251908395,0.0,39881.9089369365,True,True
clear_ocean,Clear ocean,10.0,2,WEAK,450,0.0001,0.01807484144549735,0.018176648929641992,0.13482080302995525,-4.738044223944001,0.006045999162864238,2.079384560219974,0.006040680527801046,0.003020340263900523,2.1825403123282365,21047.51203457826,1.2219185369687422,3.788837744533946,0.0,21458.563006069788,True,True
clear_ocean,Clear ocean,15.0,2,WEAK,450,0.0001,0.04374489091256034,0.04384926540165157,0.2094021618839012,-7.107066335916001,0.003504014313245592,2.504362116840387,0.0035108369467927725,0.0017554184733963862,2.680262388306994,11301.576019231577,1.7639476662490745,5.0,0.00025,11701.079586593703,True,True
clear_ocean,Clear ocean,20.0,2,WEAK,450,0.00012006806434905532,0.08000829262915939,0.08013796713433652,0.2830865011517443,-9.476088447888001,0.0020307836598530598,2.867501363229632,0.002041696640462165,0.0010208483202310825,3.167642968937101,6069.338806566653,2.5878992682863573,6.559534081104398,0.01025,6442.920310287257,True,True
clear_ocean,Clear ocean,25.0,2,WEAK,450,0.0003332138404455216,0.1262195063470557,0.12659477827395027,0.3558015995944232,-11.845110559860004,0.0011769593113637306,3.1778003665860233,0.001189251674930225,0.0005946258374651126,3.689666106451924,3236.216440393068,3.76359923704468,8.333333333333332,0.04575,3673.2018781819806,True,True
clear_ocean,Clear ocean,30.0,2,WEAK,450,0.0009247376816342181,0.18183642450196588,0.1829293131772307,0.42770236517610083,-14.610785142785428,0.0006225783165887754,3.442947889034652,0.0006353764639221993,0.00031768823196109963,4.395563493639661,1523.9914515070188,5.8856878931217045,12.5,0.1385,1917.2608530754524,True,False
clear_ocean,Clear ocean,35.0,2,WEAK,450,0.002566339317391107,0.24640900095397197,0.24960770937867038,0.49960755536587953,-18.318743047369693,0.00026509296361225203,3.669513904072409,0.00027805438382544345,0.00013902719191272173,5.835669154691107,498.03221365042305,12.30338540980478,20.0,0.25425,883.17748454553,True,False
clear_ocean,Clear ocean,40.0,2,WEAK,450,0.007122125141854652,0.31955942907675444,0.3289574964627535,0.5735481640304967,-21.847604098895424,0.00011762837440353638,3.8631123910431304,0.00013061992737861683,6.530996368930841e-05,8.454949624129844,107.09504699044388,21.732628622546066,50.0,0.31525,438.13070241361714,True,False
clear_ocean,Clear ocean,45.0,2,WEAK,450,0.019765377942229382,0.4009635409067263,0.42865411477603166,0.6547168202941113,-25.239676659815053,5.3864773640578125e-05,4.028540441455307,6.686262273658539e-05,3.343131136829269e-05,12.966744937155411,0.0,28.821046246725977,50.0,0.43625,231.66994547537345,False,False
clear_ocean,Clear ocean,50.0,2,WEAK,450,0.054853032966707224,0.49034189518859456,0.5720916682970394,0.7563674162052721,-28.523848583000557,2.52864374461462e-05,4.169897123996493,3.828578902742574e-05,1.914289451371287e-05,19.731616583077386,0.0,30.286353452575444,50.0,0.5955,126.09999998958271,False,False
clear_ocean,Clear ocean,55.0,2,WEAK,450,0.1522285703031335,0.5874486145641199,0.8291036475889055,0.9105512877311774,-31.720724398137058,1.2111559450616787e-05,4.290685053548121,2.5111328656790555e-05,1.2555664328395277e-05,27.954178849136905,0.0,29.780821149413146,69.99999999999696,0.71,76.29999999369673,False,False
clear_ocean,Clear ocean,60.0,2,WEAK,450,0.4224659305639694,0.6920692579643729,1.4069108716089769,1.1861327377696718,-34.845517727897054,5.898216806759988e-06,4.393897180934588,1.889812273581093e-05,9.449061367905465e-06,35.76630817883178,0.0,28.46428648080101,100.0,0.78175,51.94999999570833,False,False
clear_ocean,Clear ocean,65.0,2,WEAK,450,1.172430787019004,0.8040070911155068,2.919080544739925,1.7085316926354994,-37.90978196505329,2.9126902939607356e-06,4.4820909539314755,1.5912648187232925e-05,7.956324093616463e-06,41.66842099468134,0.0,26.829018079518143,100.0,0.83125,38.59999999681119,False,False
clear_ocean,Clear ocean,70.0,2,WEAK,450,3.2537391796659016,0.923086605860673,7.180308841240262,2.679609830038743,-40.92249774445332,1.4555352602474559e-06,4.55745168713584,1.4455515279010456e-05,7.227757639505228e-06,45.424428955031296,0.0,26.07891261459577,100.0,0.84925,33.949999997195334,False,False
clear_ocean,Clear ocean,75.0,2,WEAK,450,9.029802668531707,1.0491512473135813,19.552582648530834,4.421830237416497,-43.89078432397418,7.348421729248967e-07,4.621846710912631,1.3734832350009718e-05,6.867416175004859e-06,47.57220983708754,0.0,25.4229500430003,100.0,0.8645,30.09999999751339,False,False
clear_ocean,Clear ocean,80.0,2,WEAK,450,25.05957968056761,1.1820522529853905,55.863364553834856,7.474179858274408,-46.82038090795105,3.74312572294965e-07,4.6768716411500835,1.3374307636149219e-05,6.687153818074609e-06,48.73154029782707,0.0,25.28472359308718,100.0,0.86725,29.149999997591873,False,False
clear_ocean,Clear ocean,5.0,3,MODERATE,450,0.0001,0.014872317598391336,0.014973804830151094,0.12236749907614805,-2.3690221119720003,0.01043206522849413,1.5820383619589724,0.010390705048429205,0.005195352524214603,1.6426354950882422,39393.721538574755,0.8015792142250523,2.6907554329078995,0.0,39884.127775333836,True,True
clear_ocean,Clear ocean,10.0,3,MODERATE,450,0.0001,0.06990370707291482,0.07001069744362232,0.26459534660235867,-4.738044223944001,0.006045999162864238,2.079384560219974,0.006040680527801046,0.003020340263900523,2.1825403123282365,21047.51203457826,1.2507165596724812,3.816793893129771,0.0,21460.234091041217,True,True
clear_ocean,Clear ocean,15.0,3,MODERATE,450,0.0001,0.1658207819041398,0.16593736398233006,0.4073541014674212,-7.107066335916001,0.003504014313245592,2.504362116840387,0.0035108369467927725,0.0017554184733963862,2.680262388306994,11301.576019231577,1.8814996162416195,5.172413793103448,0.00125,11687.455015508576,True,True
clear_ocean,Clear ocean,20.0,3,MODERATE,450,0.00012006806434905532,0.2999131314633266,0.30006920951684335,0.547785733217691,-9.476088447888001,0.0020307836598530598,2.867501363229632,0.002041696640462165,0.0010208483202310825,3.167642968937101,6069.338806566653,2.932272422904805,6.896551724137931,0.01975,6446.504768082532,True,True
clear_ocean,Clear ocean,25.0,3,MODERATE,450,0.0003332138404455216,0.4697258588093615,0.47021559180717754,0.6857226784985149,-11.845110559860004,0.0011769593113637306,3.1778003665860233,0.001189251674930225,0.0005946258374651126,3.689666106451924,3236.216440393068,4.757911516802408,10.0,0.07775,3641.5543061092453,True,True
clear_ocean,Clear ocean,30.0,3,MODERATE,450,0.0009247376816342181,0.6732414930544361,0.6747888025135373,0.8214552955052011,-14.610785142785428,0.0006225783165887754,3.442947889034652,0.0006353764639221993,0.00031768823196109963,4.395563493639661,1523.9914515070188,8.564561355772952,14.285714285714285,0.159,1918.993314264634,True,False
clear_ocean,Clear ocean,35.0,3,MODERATE,450,0.002566339317391107,0.90880436303019,0.913703002716242,0.9558781317282251,-18.318743047369693,0.00026509296361225203,3.669513904072409,0.00027805438382544345,0.00013902719191272173,5.835669154691107,498.03221365042305,16.838966996831807,33.33333333333333,0.26475,882.3725161922652,True,False
clear_ocean,Clear ocean,40.0,3,MODERATE,450,0.007122125141854652,1.1750342298544103,1.190525095827251,1.0911118621971128,-21.847604098895424,0.00011762837440353638,3.8631123910431304,0.00013061992737861683,6.530996368930841e-05,8.454949624129844,107.09504699044388,26.670663674986777,50.0,0.4165,421.35310067708957,True,False
clear_ocean,Clear ocean,45.0,3,MODERATE,450,0.019765377942229382,1.470750275567074,1.5195855885645244,1.2327147231069013,-25.239676659815053,5.3864773640578125e-05,4.028540441455307,6.686262273658539e-05,3.343131136829269e-05,12.966744937155411,0.0,29.96719635131041,50.0,0.535,216.83292432462542,False,False
clear_ocean,Clear ocean,50.0,3,MODERATE,450,0.054853032966707224,1.7949374994821108,1.9482482982810891,1.3957966536287043,-28.523848583000557,2.52864374461462e-05,4.169897123996493,3.828578902742574e-05,1.914289451371287e-05,19.731616583077386,0.0,30.065657272099106,50.0,0.6475,119.99999999008662,False,False
clear_ocean,Clear ocean,55.0,3,MODERATE,450,0.1522285703031335,2.1467055808108473,2.6257240725425737,1.620408612832755,-31.720724398137058,1.2111559450616787e-05,4.290685053548121,2.5111328656790555e-05,1.2555664328395277e-05,27.954178849136905,0.0,29.32731204316072,100.0,0.7365,74.31655330825242,False,False
clear_ocean,Clear ocean,60.0,3,MODERATE,450,0.4224659305639694,2.5252850608579185,4.014597894596518,2.0036461500465887,-34.845517727897054,5.898216806759988e-06,4.393897180934588,1.889812273581093e-05,9.449061367905465e-06,35.76630817883178,0.0,27.72700308050599,100.0,0.80075,48.84999999596442,False,False
clear_ocean,Clear ocean,65.0,3,MODERATE,450,1.172430787019004,2.929959566691922,7.5375651544213955,2.745462648520536,-37.90978196505329,2.9126902939607356e-06,4.4820909539314755,1.5912648187232925e-05,7.956324093616463e-06,41.66842099468134,0.0,26.30555884628338,100.0,0.8445,36.849999996955766,False,False
clear_ocean,Clear ocean,70.0,3,MODERATE,450,3.2537391796659016,3.360097005130023,17.546715457865538,4.18887997654093,-40.92249774445332,1.4555352602474559e-06,4.55745168713584,1.4455515279010456e-05,7.227757639505228e-06,45.424428955031296,0.0,25.60694580455662,100.0,0.85625,32.399999997323384,False,False
clear_ocean,Clear ocean,75.0,3,MODERATE,450,9.029802668531707,3.8151377314620376,47.29488126836565,6.877127399457251,-43.89078432397418,7.348421729248967e-07,4.621846710912631,1.3734832350009718e-05,6.867416175004859e-06,47.57220983708754,0.0,25.5715008353927,100.0,0.8655,29.849999997534045,False,False
clear_ocean,Clear ocean,80.0,3,MODERATE,450,25.05957968056761,4.29454369165387,136.97358320490062,11.703571386756293,-46.82038090795105,3.74312572294965e-07,4.6768716411500835,1.3374307636149219e-05,6.687153818074609e-06,48.73154029782707,0.0,25.121849990372436,100.0,0.871,29.54999999755883,False,False
clear_ocean,Clear ocean,5.0,4,STRONG,450,0.0001,0.056303950680078166,0.056409581075146153,0.23750701268624924,-2.3690221119720003,0.01043206522849413,1.5820383619589724,0.010390705048429205,0.005195352524214603,1.6426354950882422,39393.721538574755,0.8141574049982794,2.6936026936026933,0.0,39913.10381804931,True,True
clear_ocean,Clear ocean,10.0,4,STRONG,450,0.0001,0.24529254794054658,0.24541707719534056,0.49539587926762224,-4.738044223944001,0.006045999162864238,2.079384560219974,0.006040680527801046,0.003020340263900523,2.1825403123282365,21047.51203457826,1.3784121850512232,3.9215686274509802,0.0005,21494.437628977634,True,True
clear_ocean,Clear ocean,15.0,4,STRONG,450,0.0001,0.5634133631775394,0.563569704513857,0.7507127976222712,-7.107066335916001,0.003504014313245592,2.504362116840387,0.0035108369467927725,0.0017554184733963862,2.680262388306994,11301.576019231577,2.3062513575479655,5.555555555555555,0.00775,11814.262148437163,True,True
clear_ocean,Clear ocean,20.0,4,STRONG,450,0.00012006806434905532,1.0005747294928762,1.0008149346282322,1.0004073843331187,-9.476088447888001,0.0020307836598530598,2.867501363229632,0.002041696640462165,0.0010208483202310825,3.167642968937101,6069.338806566653,8.852318502930245,8.695652173913043,0.07225,6351.1764330421665,True,True
clear_ocean,Clear ocean,25.0,4,STRONG,450,0.0003332138404455216,1.5484773477911262,1.5493265357154722,1.244719460647849,-11.845110559860004,0.0011769593113637306,3.1778003665860233,0.001189251674930225,0.0005946258374651126,3.689666106451924,3236.216440393068,14.73685099010493,16.739130434782542,0.152,3570.800867370182,True,False
clear_ocean,Clear ocean,30.0,4,STRONG,450,0.0009247376816342181,2.200508611626879,2.203468242540445,1.4844083813224866,-14.610785142785428,0.0006225783165887754,3.442947889034652,0.0006353764639221993,0.00031768823196109963,4.395563493639661,1523.9914515070188,20.675825218459853,50.0,0.25625,1861.3479223361549,True,False
clear_ocean,Clear ocean,35.0,4,STRONG,450,0.002566339317391107,2.951336895623033,2.961477366854529,1.7208943508694916,-18.318743047369693,0.00026509296361225203,3.669513904072409,0.00027805438382544345,0.00013902719191272173,5.835669154691107,498.03221365042305,26.475072931944478,50.0,0.39275,818.2307938824443,True,False
clear_ocean,Clear ocean,40.0,4,STRONG,450,0.007122125141854652,3.796565499765388,3.830727239505819,1.9572243712732118,-21.847604098895424,0.00011762837440353638,3.8631123910431304,0.00013061992737861683,6.530996368930841e-05,8.454949624129844,107.09504699044388,29.418328535188266,50.0,0.514,401.1087486374911,True,False
clear_ocean,Clear ocean,45.0,4,STRONG,450,0.019765377942229382,4.732448782394596,4.8457527991130975,2.201307066066226,-25.239676659815053,5.3864773640578125e-05,4.028540441455307,6.686262273658539e-05,3.343131136829269e-05,12.966744937155411,0.0,29.821771688584786,50.0,0.6195,200.88309849519598,False,False
clear_ocean,Clear ocean,50.0,4,STRONG,450,0.054853032966707224,5.0,5.329118197800243,2.3084882927578914,-28.523848583000557,2.52864374461462e-05,4.169897123996493,3.828578902742574e-05,1.914289451371287e-05,19.731616583077386,0.0,30.10337250232546,66.66666666666666,0.69675,113.0542788948297,False,False
clear_ocean,Clear ocean,55.0,4,STRONG,450,0.1522285703031335,5.0,5.9133714218188,2.431742466179098,-31.720724398137058,1.2111559450616787e-05,4.290685053548121,2.5111328656790555e-05,1.2555664328395277e-05,27.954178849136905,0.0,28.600500056228263,100.0,0.766,69.74037954260149,False,False
clear_ocean,Clear ocean,60.0,4,STRONG,450,0.4224659305639694,5.0,7.534795583383815,2.744958211591538,-34.845517727897054,5.898216806759988e-06,4.393897180934588,1.889812273581093e-05,9.449061367905465e-06,35.76630817883178,0.0,27.325440650991034,100.0,0.8105,49.199999995935514,False,False
clear_ocean,Clear ocean,65.0,4,STRONG,450,1.172430787019004,5.0,12.034584722114024,3.469089898246228,-37.90978196505329,2.9126902939607356e-06,4.4820909539314755,1.5912648187232925e-05,7.956324093616463e-06,41.66842099468134,0.0,26.19343523300362,100.0,0.84525,36.949999996947504,False,False
clear_ocean,Clear ocean,70.0,4,STRONG,450,3.2537391796659016,5.0,24.522435077995407,4.952013234836454,-40.92249774445332,1.4555352602474559e-06,4.55745168713584,1.4455515279010456e-05,7.227757639505228e-06,45.424428955031296,0.0,25.66239516787774,100.0,0.85375,32.699999997298605,False,False
clear_ocean,Clear ocean,75.0,4,STRONG,450,9.029802668531707,5.0,59.178816011190236,7.692776872572754,-43.89078432397418,7.348421729248967e-07,4.621846710912631,1.3734832350009718e-05,6.867416175004859e-06,47.57220983708754,0.0,25.195959773124123,100.0,0.868,29.349999997575352,False,False
clear_ocean,Clear ocean,80.0,4,STRONG,450,25.05957968056761,5.0,155.35747808340565,12.464247995102058,-46.82038090795105,3.74312572294965e-07,4.6768716411500835,1.3374307636149219e-05,6.687153818074609e-06,48.73154029782707,0.0,25.093408050804232,100.0,0.8705,28.849999997616656,False,False
clear_ocean,Clear ocean,5.0,5,SEVERE,450,0.0001,0.20953305292116292,0.20965400622645514,0.457879903715434,-2.3690221119720003,0.01043206522849413,1.5820383619589724,0.010390705048429205,0.005195352524214603,1.6426354950882422,39393.721538574755,0.8802949516192017,2.73972602739726,0.0,39983.004681937404,True,True
clear_ocean,Clear ocean,10.0,5,SEVERE,450,0.0001,0.8057857485231731,0.8059663270980253,0.8977562737725787,-4.738044223944001,0.006045999162864238,2.079384560219974,0.006040680527801046,0.003020340263900523,2.1825403123282365,21047.51203457826,1.6995472686141766,4.285714285714286,0.00225,21623.321994524496,True,True
clear_ocean,Clear ocean,15.0,5,SEVERE,450,0.0001,1.7473088953527733,1.7475836262423088,1.3219620366116074,-7.107066335916001,0.003504014313245592,2.504362116840387,0.0035108369467927725,0.0017554184733963862,2.680262388306994,11301.576019231577,12.221410539714142,8.909090909090892,0.08475,11556.559721809457,True,True
clear_ocean,Clear ocean,20.0,5,SEVERE,450,0.00012006806434905532,2.9995847051004945,3.000064927494236,1.7320695504206047,-9.476088447888001,0.0020307836598530598,2.867501363229632,0.002041696640462165,0.0010208483202310825,3.167642968937101,6069.338806566653,17.534656875644693,33.33333333333333,0.15975,6312.312427226048,True,False
clear_ocean,Clear ocean,25.0,5,SEVERE,450,0.0003332138404455216,4.537799847512712,4.53964511906752,2.130644296701709,-11.845110559860004,0.0011769593113637306,3.1778003665860233,0.001189251674930225,0.0005946258374651126,3.689666106451924,3236.216440393068,22.569559880605567,50.0,0.26325,3491.199563480213,True,False
clear_ocean,Clear ocean,30.0,5,SEVERE,450,0.0009247376816342181,5.0,5.005548426089804,2.2373082992939985,-14.610785142785428,0.0006225783165887754,3.442947889034652,0.0006353764639221993,0.00031768823196109963,4.395563493639661,1523.9914515070188,25.762934498110674,50.0,0.3485,1834.107977799651,True,False
clear_ocean,Clear ocean,35.0,5,SEVERE,450,0.002566339317391107,5.0,5.015398035904347,2.2395084362208477,-18.318743047369693,0.00026509296361225203,3.669513904072409,0.00027805438382544345,0.00013902719191272173,5.835669154691107,498.03221365042305,28.121791228920028,50.0,0.44725,805.761834368223,True,False
clear_ocean,Clear ocean,40.0,5,SEVERE,450,0.007122125141854652,5.0,5.042732750851128,2.245602981573352,-21.847604098895424,0.00011762837440353638,3.8631123910431304,0.00013061992737861683,6.530996368930841e-05,8.454949624129844,107.09504699044388,30.253708571128936,50.0,0.531,387.69951161992856,True,False
clear_ocean,Clear ocean,45.0,5,SEVERE,450,0.019765377942229382,5.0,5.118592267653376,2.2624306105720406,-25.239676659815053,5.3864773640578125e-05,4.028540441455307,6.686262273658539e-05,3.343131136829269e-05,12.966744937155411,0.0,30.348545251527305,50.0,0.6225,209.6585529986938,False,False
clear_ocean,Clear ocean,50.0,5,SEVERE,450,0.054853032966707224,5.0,5.329118197800243,2.3084882927578914,-28.523848583000557,2.52864374461462e-05,4.169897123996493,3.828578902742574e-05,1.914289451371287e-05,19.731616583077386,0.0,30.10337250232546,66.66666666666666,0.69675,113.0542788948297,False,False
clear_ocean,Clear ocean,55.0,5,SEVERE,450,0.1522285703031335,5.0,5.9133714218188,2.431742466179098,-31.720724398137058,1.2111559450616787e-05,4.290685053548121,2.5111328656790555e-05,1.2555664328395277e-05,27.954178849136905,0.0,28.600500056228263,100.0,0.766,69.74037954260149,False,False
clear_ocean,Clear ocean,60.0,5,SEVERE,450,0.4224659305639694,5.0,7.534795583383815,2.744958211591538,-34.845517727897054,5.898216806759988e-06,4.393897180934588,1.889812273581093e-05,9.449061367905465e-06,35.76630817883178,0.0,27.325440650991034,100.0,0.8105,49.199999995935514,False,False
clear_ocean,Clear ocean,65.0,5,SEVERE,450,1.172430787019004,5.0,12.034584722114024,3.469089898246228,-37.90978196505329,2.9126902939607356e-06,4.4820909539314755,1.5912648187232925e-05,7.956324093616463e-06,41.66842099468134,0.0,26.19343523300362,100.0,0.84525,36.949999996947504,False,False
clear_ocean,Clear ocean,70.0,5,SEVERE,450,3.2537391796659016,5.0,24.522435077995407,4.952013234836454,-40.92249774445332,1.4555352602474559e-06,4.55745168713584,1.4455515279010456e-05,7.227757639505228e-06,45.424428955031296,0.0,25.66239516787774,100.0,0.85375,32.699999997298605,False,False
clear_ocean,Clear ocean,75.0,5,SEVERE,450,9.029802668531707,5.0,59.178816011190236,7.692776872572754,-43.89078432397418,7.348421729248967e-07,4.621846710912631,1.3734832350009718e-05,6.867416175004859e-06,47.57220983708754,0.0,25.195959773124123,100.0,0.868,29.349999997575352,False,False
clear_ocean,Clear ocean,80.0,5,SEVERE,450,25.05957968056761,5.0,155.35747808340565,12.464247995102058,-46.82038090795105,3.74312572294965e-07,4.6768716411500835,1.3374307636149219e-05,6.687153818074609e-06,48.73154029782707,0.0,25.093408050804232,100.0,0.8705,28.849999997616656,False,False
coastal,Coastal,2.0,1,VERYWEAK,450,0.0001,9.031337198574027e-05,0.00019032240332306216,0.013795738592879402,-3.232280111013143,0.008551543200051373,2.5293176658848098,0.008527972063457012,0.004263986031728506,2.601714579393616,27800.614532604643,1.1044978041042604,4.032619702010704,0.0,28275.86119079862,True,True
coastal,Coastal,4.0,1,VERYWEAK,450,0.00011203997548518868,0.0005018477130812882,0.0006139439155721238,0.024777891669230532,-6.464560222026286,0.004062716172352494,3.4739322009727784,0.004067421797796844,0.002033710898898422,3.622680478399798,11196.948226524108,1.8757517345855363,6.122448979591836,0.0005,11596.517258712238,True,True
coastal,Coastal,6.0,1,VERYWEAK,450,0.00020854331363147485,0.0013447476882720874,0.0015535714400425338,0.0394153706064339,-9.696840333039429,0.001930138492078873,4.057392812070349,0.001941251905035024,0.000970625952517512,4.365109497883406,4682.51520817758,2.963881705195509,8.333333333333332,0.02525,5032.597517272319,True,True
coastal,Coastal,8.0,1,VERYWEAK,450,0.0003881678255645899,0.002651394244412155,0.0030405912559152704,0.05514155652423379,-12.929120444052572,0.0009169812609496943,4.417779268193053,0.0009295490468193002,0.0004647745234096501,5.055315835707633,1963.7457668842442,4.608416182234891,11.11111111111111,0.11525,2400.911602358603,True,False
coastal,Coastal,10.0,1,VERYWEAK,450,0.0007225082318860842,0.0044256157237324515,0.005151321499409889,0.0717727072041308,-16.161400555065715,0.00043564471481382733,4.64037938084224,0.00044854417328565876,0.00022427208664282938,5.955080089678546,781.9955907922395,7.26244504126317,16.666666666666664,0.23225,1228.4293042441436,True,False
coastal,Coastal,13.0,1,VERYWEAK,450,0.0018347533816022049,0.007948582324070108,0.009797919393970345,0.09898444016091794,-21.009820721585427,0.00014265612826419238,4.825425839464577,0.00015564409896517972,7.782204948258986e-05,8.598639319760695,119.9563183650435,17.52502275208095,33.33333333333333,0.30375,512.457601742603,True,False
coastal,Coastal,16.0,1,VERYWEAK,450,0.00465921331098617,0.012474336568732784,0.01719167047470571,0.13111701062297643,-25.858240888105144,4.671414627404952e-05,4.915254754863546,5.971244791569408e-05,2.985622395784704e-05,14.730706867951449,0.0,29.093988066863208,50.0,0.4255,203.84999998315965,False,False
coastal,Coastal,19.0,1,VERYWEAK,450,0.01183170931578494,0.017966007614109353,0.030010285509549428,0.17323476992090656,-30.706661054624856,1.529700468298104e-05,4.958861285363132,2.8296688824980265e-05,1.4148344412490133e-05,25.6515929695652,0.0,30.168965494246823,50.0,0.66825,86.14999999288301,False,False
coastal,Coastal,22.0,1,VERYWEAK,450,0.030045704282983733,0.024389011002838783,0.055167500298168415,0.234877628347547,-35.55508122114457,5.009153991563661e-06,4.98002963069788,1.8009076326985785e-05,9.004538163492892e-06,37.47808386001385,0.0,27.81876663483364,100.0,0.7935,47.69999999605943,False,False
coastal,Coastal,25.0,1,VERYWEAK,450,0.07629872588706488,0.031711744830410164,0.11043003644369098,0.33231015097900785,-40.403501387664285,1.6402965306740262e-06,4.990305587970275,1.4640273861554753e-05,7.320136930777377e-06,44.957190039848996,0.0,26.13633824932891,100.0,0.84525,34.54999999714577,False,False
coastal,Coastal,28.0,1,VERYWEAK,450,0.19375467178802153,0.03990604718589893,0.2413927020487816,0.4913173129951575,-45.251921554183994,5.371311628815309e-07,4.995293946587553,1.3537124035956083e-05,6.7685620179780415e-06,48.21431240435222,0.0,25.418565161336527,100.0,0.861,30.19999999750513,False,False
coastal,Coastal,31.0,1,VERYWEAK,450,0.4920248982302908,0.04894663510294926,0.5650544964884838,0.7517010685694705,-50.78180297394934,1.5034611412039354e-07,4.997715494384507,1.3150344148282755e-05,6.575172074141378e-06,49.48550241039972,0.0,25.33747190701726,100.0,0.87025,28.69999999762905,False,False
coastal,Coastal,34.0,1,VERYWEAK,450,1.2494589072070807,0.05881051534943448,1.381750744797305,1.1754789427281567,-56.4325676046287,4.0927549707886986e-08,4.998891010056663,1.3040927016927384e-05,6.520463508463692e-06,49.85877089200092,0.0,25.07840171619573,100.0,0.8725,27.499999997728185,False,False
coastal,Coastal,37.0,1,VERYWEAK,450,3.1729035795022345,0.06947683178368441,3.4628236995448463,1.8608663841191948,-62.01544391164322,1.1316916562792089e-08,4.999461652146493,1.301131676945122e-05,6.50565838472561e-06,49.960860227181676,0.0,24.97651674851577,100.0,0.87275,27.39999999773644,False,False
coastal,Coastal,40.0,1,VERYWEAK,450,8.05734151539373,0.08092704049233278,8.790325358962885,2.964848285994224,-67.54102942338227,3.1708052074229077e-09,4.999738664527017,1.3003170764025462e-05,6.501585382012731e-06,49.98902690684938,0.0,25.110511300604333,100.0,0.87275,27.949999997691013,False,False
coastal,Coastal,43.0,1,VERYWEAK,450,20.460991224281734,0.09314387966818499,22.459951208436205,4.739193096766179,-73.01761887493447,8.984845584078994e-10,4.99987313736092,1.300089847289243e-05,6.500449236446215e-06,49.99689011216072,0.0,25.094178165020224,100.0,0.87375,27.349999997740575,False,False
coastal,Coastal,2.0,2,WEAK,450,0.0001,0.00040976206849648906,0.000509803044703272,0.02257881849661917,-3.232280111013143,0.008551543200051373,2.5293176658848098,0.008527972063457012,0.004263986031728506,2.601714579393616,27800.614532604643,1.1057230801545344,4.040404040404041,0.0,28256.01294359776,True,True
coastal,Coastal,4.0,2,WEAK,450,0.00011203997548518868,0.0021513453395843245,0.0022636263517485933,0.04757758244960113,-6.464560222026286,0.004062716172352494,3.4739322009727784,0.004067421797796844,0.002033710898898422,3.622680478399798,11196.948226524108,1.8905252942781048,6.12423916935195,0.0005,11613.202829693215,True,True
coastal,Coastal,6.0,2,WEAK,450,0.00020854331363147485,0.005622644106517611,0.005832359984982549,0.07636988925605791,-9.696840333039429,0.001930138492078873,4.057392812070349,0.001941251905035024,0.000970625952517512,4.365109497883406,4682.51520817758,2.94890230224019,8.333333333333332,0.02225,5025.433631171584,True,True
coastal,Coastal,8.0,2,WEAK,450,0.0003881678255645899,0.010929503092854138,0.011321913399868988,0.10640448016821936,-12.929120444052572,0.0009169812609496943,4.417779268193053,0.0009295490468193002,0.0004647745234096501,5.055315835707633,1963.7457668842442,4.652763744155453,11.538461538461538,0.11425,2415.7751281714736,True,False
coastal,Coastal,10.0,2,WEAK,450,0.0007225082318860842,0.01807484144549735,0.018810408899117892,0.13715104410509565,-16.161400555065715,0.00043564471481382733,4.64037938084224,0.00044854417328565876,0.00022427208664282938,5.955080089678546,781.9955907922395,7.300441354730823,16.666666666666664,0.23,1233.4955724588424,True,False
coastal,Coastal,13.0,2,WEAK,450,0.0018347533816022049,0.032166276677758524,0.0340600472442687,0.1845536432701037,-21.009820721585427,0.00014265612826419238,4.825425839464577,0.00015564409896517972,7.782204948258986e-05,8.598639319760695,119.9563183650435,17.418795029153465,33.33333333333333,0.3025,511.11996330401644,True,False
coastal,Coastal,16.0,2,WEAK,450,0.00465921331098617,0.050172193780704324,0.05506517004479483,0.23465968985915503,-25.858240888105144,4.671414627404952e-05,4.915254754863546,5.971244791569408e-05,2.985622395784704e-05,14.730706867951449,0.0,28.743300609552257,50.0,0.433,201.4999999833538,False,False
coastal,Coastal,19.0,2,WEAK,450,0.01183170931578494,0.07194063452699848,0.08462352451849986,0.2909012281144579,-30.706661054624856,1.529700468298104e-05,4.958861285363132,2.8296688824980265e-05,1.4148344412490133e-05,25.6515929695652,0.0,30.058675602778234,50.0,0.6735,85.04999999297388,False,False
coastal,Coastal,22.0,2,WEAK,450,0.030045704282983733,0.09733195606438713,0.1303020675165658,0.36097377677134085,-35.55508122114457,5.009153991563661e-06,4.98002963069788,1.8009076326985785e-05,9.004538163492892e-06,37.47808386001385,0.0,27.68037632210468,100.0,0.7955,47.44999999608009,False,False
coastal,Coastal,25.0,2,WEAK,450,0.07629872588706488,0.1262195063470557,0.21214861975049515,0.4605959397894158,-40.403501387664285,1.6402965306740262e-06,4.990305587970275,1.4640273861554753e-05,7.320136930777377e-06,44.957190039848996,0.0,26.078204700796924,100.0,0.845,33.94999999719534,False,False
coastal,Coastal,28.0,2,WEAK,450,0.19375467178802153,0.15849147716411682,0.38295461309127043,0.6188332676022439,-45.251921554183994,5.371311628815309e-07,4.995293946587553,1.3537124035956083e-05,6.7685620179780415e-06,48.21431240435222,0.0,25.488885104862646,100.0,0.86325,30.049999997517524,False,False
coastal,Coastal,31.0,2,WEAK,450,0.4920248982302908,0.19404794135913134,0.7815492581884462,0.8840527462705188,-50.78180297394934,1.5034611412039354e-07,4.997715494384507,1.3150344148282755e-05,6.575172074141378e-06,49.48550241039972,0.0,25.362570505350774,100.0,0.871,28.349999997657964,False,False
coastal,Coastal,34.0,2,WEAK,450,1.2494589072070807,0.23279798904363203,1.7731284172411752,1.3315886817036164,-56.4325676046287,4.0927549707886986e-08,4.998891010056663,1.3040927016927384e-05,6.520463508463692e-06,49.85877089200092,0.0,24.924718598656685,100.0,0.875,27.44999999773232,False,False
coastal,Coastal,37.0,2,WEAK,450,3.1729035795022345,0.2746593428322999,4.31903053435087,2.0782277388079655,-62.01544391164322,1.1316916562792089e-08,4.999461652146493,1.301131676945122e-05,6.50565838472561e-06,49.960860227181676,0.0,25.002105466895742,100.0,0.873,27.44999999773231,False,False
coastal,Coastal,40.0,2,WEAK,450,8.05734151539373,0.31955942907675444,10.951700399006137,3.309335340971981,-67.54102942338227,3.1708052074229077e-09,4.999738664527017,1.3003170764025462e-05,6.501585382012731e-06,49.98902690684938,0.0,25.041630615614647,100.0,0.87475,27.149999997757096,False,False
coastal,Coastal,43.0,2,WEAK,450,20.460991224281734,0.36743067677101454,28.346417753996374,5.3241353996678535,-73.01761887493447,8.984845584078994e-10,4.99987313736092,1.300089847289243e-05,6.500449236446215e-06,49.99689011216072,0.0,25.08041372820189,100.0,0.8745,26.999999997769493,False,False
coastal,Coastal,2.0,3,MODERATE,450,0.0001,0.0018340511930322986,0.001934234598151674,0.04397993403987407,-3.232280111013143,0.008551543200051373,2.5293176658848098,0.008527972063457012,0.004263986031728506,2.601714579393616,27800.614532604643,1.1080470771020008,4.06132640006603,0.0,28258.19074181452,True,True
coastal,Coastal,4.0,3,MODERATE,450,0.00011203997548518868,0.008921959779228661,0.009034999370868935,0.095052613698251,-6.464560222026286,0.004062716172352494,3.4739322009727784,0.004067421797796844,0.002033710898898422,3.622680478399798,11196.948226524108,1.884549707198999,6.122448979591836,0.00025,11616.958254461133,True,True
coastal,Coastal,6.0,3,MODERATE,450,0.00020854331363147485,0.022504014604737548,0.022717250980144543,0.15072243024893323,-9.696840333039429,0.001930138492078873,4.057392812070349,0.001941251905035024,0.000970625952517512,4.365109497883406,4682.51520817758,2.9978051061046695,8.333333333333332,0.02425,5063.111174252774,True,True
coastal,Coastal,8.0,3,MODERATE,450,0.0003881678255645899,0.042849296513144106,0.04325409705696326,0.2079761934860893,-12.929120444052572,0.0009169812609496943,4.417779268193053,0.0009295490468193002,0.0004647745234096501,5.055315835707633,1963.7457668842442,4.705227917047623,11.11111111111111,0.115,2419.1639888113436,True,False
coastal,Coastal,10.0,3,MODERATE,450,0.0007225082318860842,0.06990370707291482,0.07067672130860059,0.2658509381375221,-16.161400555065715,0.00043564471481382733,4.64037938084224,0.00044854417328565876,0.00022427208664282938,5.955080089678546,781.9955907922395,7.8089154849643805,16.666666666666664,0.234,1227.4041823407733,True,False
coastal,Coastal,13.0,3,MODERATE,450,0.0018347533816022049,0.12271949859788764,0.12477941199453069,0.353241294294043,-21.009820721585427,0.00014265612826419238,4.825425839464577,0.00015564409896517972,7.782204948258986e-05,8.598639319760695,119.9563183650435,18.710331158709906,40.0,0.3015,505.43838511986536,True,False
coastal,Coastal,16.0,3,MODERATE,450,0.00465921331098617,0.18967043751550866,0.19521336585366766,0.4418295665227347,-25.858240888105144,4.671414627404952e-05,4.915254754863546,5.971244791569408e-05,2.985622395784704e-05,14.730706867951449,0.0,29.178257262046998,50.0,0.4585,199.24999998353968,False,False
coastal,Coastal,19.0,3,MODERATE,450,0.01183170931578494,0.27016525455529333,0.28519348063020145,0.5340350930699231,-30.706661054624856,1.529700468298104e-05,4.958861285363132,2.8296688824980265e-05,1.4148344412490133e-05,25.6515929695652,0.0,30.14614223234966,50.0,0.674,86.29999999287062,False,False
coastal,Coastal,22.0,3,MODERATE,450,0.030045704282983733,0.36367539152475903,0.4046479790764941,0.6361194691852263,-35.55508122114457,5.009153991563661e-06,4.98002963069788,1.8009076326985785e-05,9.004538163492892e-06,37.47808386001385,0.0,27.821100726961223,100.0,0.79325,47.99999999603465,False,False
coastal,Coastal,25.0,3,MODERATE,450,0.07629872588706488,0.4697258588093615,0.5818640692397881,0.7628001502620382,-40.403501387664285,1.6402965306740262e-06,4.990305587970275,1.4640273861554753e-05,7.320136930777377e-06,44.957190039848996,0.0,26.13101131996553,100.0,0.84675,34.249999997170555,False,False
coastal,Coastal,28.0,3,MODERATE,450,0.19375467178802153,0.5879032120822459,0.8955668777703862,0.9463439532064366,-45.251921554183994,5.371311628815309e-07,4.995293946587553,1.3537124035956083e-05,6.7685620179780415e-06,48.21431240435222,0.0,25.34391149421077,100.0,0.8645,29.39999999757122,False,False
coastal,Coastal,31.0,3,MODERATE,450,0.4920248982302908,0.71784030241471,1.5630605023861999,1.2502241808516583,-50.78180297394934,1.5034611412039354e-07,4.997715494384507,1.3150344148282755e-05,6.575172074141378e-06,49.48550241039972,0.0,25.323865761043145,100.0,0.87025,28.29999999766209,False,False
coastal,Coastal,34.0,3,MODERATE,450,1.2494589072070807,0.8592025545731474,3.1821997466867256,1.7838721217303457,-56.4325676046287,4.0927549707886986e-08,4.998891010056663,1.3040927016927384e-05,6.520463508463692e-06,49.85877089200092,0.0,24.924718598656685,100.0,0.875,27.44999999773232,False,False
coastal,Coastal,37.0,3,MODERATE,450,3.1729035795022345,1.0116881397984505,7.394580639407145,2.7192978210205565,-62.01544391164322,1.1316916562792089e-08,4.999461652146493,1.301131676945122e-05,6.50565838472561e-06,49.960860227181676,0.0,24.976374600699042,100.0,0.875,27.599999997719916,False,False
coastal,Coastal,40.0,3,MODERATE,450,8.05734151539373,1.1750342298544103,18.70002782746278,4.324352879618265,-67.54102942338227,3.1708052074229077e-09,4.999738664527017,1.3003170764025462e-05,6.501585382012731e-06,49.98902690684938,0.0,25.178197896306152,100.0,0.872,27.599999997719916,False,False
coastal,Coastal,43.0,3,MODERATE,450,20.460991224281734,1.3489961717240442,49.41178622724111,7.029351764369252,-73.01761887493447,8.984845584078994e-10,4.99987313736092,1.300089847289243e-05,6.500449236446215e-06,49.99689011216072,0.0,25.052522605296435,100.0,0.8735,27.69999999771166,False,False
coastal,Coastal,2.0,4,STRONG,450,0.0001,0.007937242698590119,0.008038036422860051,0.0896550970266613,-3.232280111013143,0.008551543200051373,2.5293176658848098,0.008527972063457012,0.004263986031728506,2.601714579393616,27800.614532604643,1.1127273884412017,4.060913705583756,0.0,28285.278775324496,True,True
coastal,Coastal,4.0,4,STRONG,450,0.00011203997548518868,0.03480873294242711,0.0349246728874979,0.18688144072512364,-6.464560222026286,0.004062716172352494,3.4739322009727784,0.004067421797796844,0.002033710898898422,3.622680478399798,11196.948226524108,1.8897507932054698,6.0984919009495435,0.00075,11587.837009920944,True,True
coastal,Coastal,6.0,4,STRONG,450,0.00020854331363147485,0.0832898297230803,0.0835157425737938,0.2889909039637646,-9.696840333039429,0.001930138492078873,4.057392812070349,0.001941251905035024,0.000970625952517512,4.365109497883406,4682.51520817758,3.1053573974107933,8.333333333333332,0.03425,5064.594313851855,True,True
coastal,Coastal,8.0,4,STRONG,450,0.0003881678255645899,0.15361854649987422,0.15406634410260023,0.3925128585188009,-12.929120444052572,0.0009169812609496943,4.417779268193053,0.0009295490468193002,0.0004647745234096501,5.055315835707633,1963.7457668842442,5.0409314891045875,11.428571428571429,0.118,2390.2811872032944,True,False
coastal,Coastal,10.0,4,STRONG,450,0.0007225082318860842,0.24529254794054658,0.24619228205753996,0.49617767186516964,-16.161400555065715,0.00043564471481382733,4.64037938084224,0.00044854417328565876,0.00022427208664282938,5.955080089678546,781.9955907922395,8.784693749805749,16.666666666666664,0.243,1222.699150903078,True,False
coastal,Coastal,13.0,4,STRONG,450,0.0018347533816022049,0.4213437698480229,0.4239515851361706,0.6511156465146346,-21.009820721585427,0.00014265612826419238,4.825425839464577,0.00015564409896517972,7.782204948258986e-05,8.598639319760695,119.9563183650435,20.29138929206872,50.0,0.3175,494.57387093549966,True,False
coastal,Coastal,16.0,4,STRONG,450,0.00465921331098617,0.6416161772396298,0.6492648171841549,0.8057697048066246,-25.858240888105144,4.671414627404952e-05,4.915254754863546,5.971244791569408e-05,2.985622395784704e-05,14.730706867951449,0.0,29.767012524961224,50.0,0.49125,199.81298629676903,False,False
coastal,Coastal,19.0,4,STRONG,450,0.01183170931578494,0.9040456053392276,0.9265737194655992,0.9625869931936537,-30.706661054624856,1.529700468298104e-05,4.958861285363132,2.8296688824980265e-05,1.4148344412490133e-05,25.6515929695652,0.0,30.079095805160406,50.0,0.6865,85.54999999293258,False,False
coastal,Coastal,22.0,4,STRONG,450,0.030045704282983733,1.206858205171323,1.2731648141983771,1.1283460525026785,-35.55508122114457,5.009153991563661e-06,4.98002963069788,1.8009076326985785e-05,9.004538163492892e-06,37.47808386001385,0.0,27.458888006537258,100.0,0.8035,46.04999999619573,False,False
coastal,Coastal,25.0,4,STRONG,450,0.07629872588706488,1.5484773477911262,1.7429229223796354,1.3201980617996814,-40.403501387664285,1.6402965306740262e-06,4.990305587970275,1.4640273861554753e-05,7.320136930777377e-06,44.957190039848996,0.0,26.17136693122106,100.0,0.846,34.299999997166424,False,False
coastal,Coastal,28.0,4,STRONG,450,0.19375467178802153,1.9275625578118656,2.494791480339604,1.5794908927688074,-45.251921554183994,5.371311628815309e-07,4.995293946587553,1.3537124035956083e-05,6.7685620179780415e-06,48.21431240435222,0.0,25.406001775471832,100.0,0.863,30.049999997517524,False,False
coastal,Coastal,31.0,4,STRONG,450,0.4920248982302908,2.3429351816817094,3.9877425242391116,1.996933279866684,-50.78180297394934,1.5034611412039354e-07,4.997715494384507,1.3150344148282755e-05,6.575172074141378e-06,49.48550241039972,0.0,25.322057523475895,100.0,0.87,28.049999997682743,False,False
coastal,Coastal,34.0,4,STRONG,450,1.2494589072070807,2.7935152493922017,7.533356667371178,2.7446960974525356,-56.4325676046287,4.0927549707886986e-08,4.998891010056663,1.3040927016927384e-05,6.520463508463692e-06,49.85877089200092,0.0,25.21019276888704,100.0,0.87325,27.64999999771579,False,False
coastal,Coastal,37.0,4,STRONG,450,3.1729035795022345,3.2783334696937674,16.853073049989337,4.105249450397544,-62.01544391164322,1.1316916562792089e-08,4.999461652146493,1.301131676945122e-05,6.50565838472561e-06,49.960860227181676,0.0,25.016211410470078,100.0,0.87325,28.049999997682743,False,False
coastal,Coastal,40.0,4,STRONG,450,8.05734151539373,3.796565499765388,42.44413183233032,6.514916103245715,-67.54102942338227,3.1708052074229077e-09,4.999738664527017,1.3003170764025462e-05,6.501585382012731e-06,49.98902690684938,0.0,25.006359954908362,100.0,0.8735,27.199999997752965,False,False
coastal,Coastal,43.0,4,STRONG,450,20.460991224281734,4.347445403501847,113.76147887687883,10.665902628323533,-73.01761887493447,8.984845584078994e-10,4.99987313736092,1.300089847289243e-05,6.500449236446215e-06,49.99689011216072,0.0,25.07044207771818,100.0,0.87325,27.649999997715792,False,False
coastal,Coastal,2.0,5,SEVERE,450,0.0001,0.035550485427377855,0.03565404047592047,0.18882277531039646,-3.232280111013143,0.008551543200051373,2.5293176658848098,0.008527972063457012,0.004263986031728506,2.601714579393616,27800.614532604643,1.1267533263089953,4.054740019207024,0.0,28266.645265490453,True,True
coastal,Coastal,4.0,5,SEVERE,450,0.00011203997548518868,0.13555827167552886,0.13568549959644938,0.3683551270125738,-6.464560222026286,0.004062716172352494,3.4739322009727784,0.004067421797796844,0.002033710898898422,3.622680478399798,11196.948226524108,1.9964923054853534,6.25,0.0015,11607.794774793125,True,True
coastal,Coastal,6.0,5,SEVERE,450,0.00020854331363147485,0.29910769397414655,0.29937861419741196,0.5471550184339096,-9.696840333039429,0.001930138492078873,4.057392812070349,0.001941251905035024,0.000970625952517512,4.365109497883406,4682.51520817758,3.5014926139710654,8.695652173913043,0.0475,5127.769304984357,True,True
coastal,Coastal,8.0,5,SEVERE,450,0.0003881678255645899,0.523527960654233,0.5241193451899071,0.7239608726926525,-12.929120444052572,0.0009169812609496943,4.417779268193053,0.0009295490468193002,0.0004647745234096501,5.055315835707633,1963.7457668842442,6.416224711574767,12.5,0.14275,2423.818947975121,True,False
coastal,Coastal,10.0,5,SEVERE,450,0.0007225082318860842,0.8057857485231731,0.8070904435915034,0.8983821255966212,-16.161400555065715,0.00043564471481382733,4.64037938084224,0.00044854417328565876,0.00022427208664282938,5.955080089678546,781.9955907922395,12.477456436195395,20.0,0.2525,1221.5826240660633,True,False
coastal,Coastal,13.0,5,SEVERE,450,0.0018347533816022049,1.3317205172373048,1.3359986493412568,1.1558540778754283,-21.009820721585427,0.00014265612826419238,4.825425839464577,0.00015564409896517972,7.782204948258986e-05,8.598639319760695,119.9563183650435,26.520109146162902,50.0,0.417,462.37714081231775,True,False
coastal,Coastal,16.0,5,SEVERE,450,0.00465921331098617,1.9738082199206606,1.9876638267632347,1.4098453201550993,-25.858240888105144,4.671414627404952e-05,4.915254754863546,5.971244791569408e-05,2.985622395784704e-05,14.730706867951449,0.0,30.436544989219914,50.0,0.575,191.7400614977391,False,False
coastal,Coastal,19.0,5,SEVERE,450,0.01183170931578494,2.725567912576241,2.7696477491540588,1.6642258708342623,-30.706661054624856,1.529700468298104e-05,4.958861285363132,2.8296688824980265e-05,1.4148344412490133e-05,25.6515929695652,0.0,29.65802636606869,100.0,0.72,82.88100439956635,False,False
coastal,Coastal,22.0,5,SEVERE,450,0.030045704282983733,3.5817667289927333,3.7194291372256627,1.9285821572403035,-35.55508122114457,5.009153991563661e-06,4.98002963069788,1.8009076326985785e-05,9.004538163492892e-06,37.47808386001385,0.0,27.048654178756188,100.0,0.8135,45.64999999622878,False,False
coastal,Coastal,25.0,5,SEVERE,450,0.07629872588706488,4.537799847512712,4.960326920095515,2.2271791396507634,-40.403501387664285,1.6402965306740262e-06,4.990305587970275,1.4640273861554753e-05,7.320136930777377e-06,44.957190039848996,0.0,25.846467679221767,100.0,0.8485,33.69999999721599,False,False
coastal,Coastal,28.0,5,SEVERE,450,0.19375467178802153,5.0,6.1625280307281285,2.4824439632604256,-45.251921554183994,5.371311628815309e-07,4.995293946587553,1.3537124035956083e-05,6.7685620179780415e-06,48.21431240435222,0.0,25.309061837830164,100.0,0.86475,29.649999997550566,False,False
coastal,Coastal,31.0,5,SEVERE,450,0.4920248982302908,5.0,7.952149389381745,2.819955565143136,-50.78180297394934,1.5034611412039354e-07,4.997715494384507,1.3150344148282755e-05,6.575172074141378e-06,49.48550241039972,0.0,25.162194690977707,100.0,0.87125,27.64999999771579,False,False
coastal,Coastal,34.0,5,SEVERE,450,1.2494589072070807,5.0,12.496753443242484,3.5350747436571246,-56.4325676046287,4.0927549707886986e-08,4.998891010056663,1.3040927016927384e-05,6.520463508463692e-06,49.85877089200092,0.0,25.21316035052153,100.0,0.8705,28.149999997674488,False,False
coastal,Coastal,37.0,5,SEVERE,450,3.1729035795022345,5.0,24.037421477013407,4.902797311434912,-62.01544391164322,1.1316916562792089e-08,4.999461652146493,1.301131676945122e-05,6.50565838472561e-06,49.960860227181676,0.0,24.99994999995,100.0,0.8755,27.2999999977447,False,False
coastal,Coastal,40.0,5,SEVERE,450,8.05734151539373,5.0,53.34404909236238,7.303701054421818,-67.54102942338227,3.1708052074229077e-09,4.999738664527017,1.3003170764025462e-05,6.501585382012731e-06,49.98902690684938,0.0,25.137026903112027,100.0,0.87,28.349999997657967,False,False
coastal,Coastal,43.0,5,SEVERE,450,20.460991224281734,5.0,127.76594734569039,11.303360002481138,-73.01761887493447,8.984845584078994e-10,4.99987313736092,1.300089847289243e-05,6.500449236446215e-06,49.99689011216072,0.0,25.067671951805444,100.0,0.87325,27.699999997711664,False,False
harbor,Harbor (turbid),0.5,1,VERYWEAK,450,0.001528793130804038,3.652680458874158e-06,0.0015324513954557695,0.039146537464452326,-5.4569644519245974,0.0051236099445141296,3.832231852183427,0.005123440206782459,0.0025617201033912296,3.9494256832988817,13322.555792039051,1.7541467420288743,6.293706293706294,0.0,13709.909008518633,True,True
harbor,Harbor (turbid),1.0,1,VERYWEAK,450,0.0021161251439232613,1.721418278672316e-05,0.0021333757540751286,0.04618848075088775,-10.913928903849193,0.0014584099368624495,4.659079388236263,0.0014703280283878684,0.0007351640141939342,5.060024092553427,3103.2554249123486,3.6405449660397187,10.0,0.07275,3514.5240936218006,True,True
harbor,Harbor (turbid),1.5,1,VERYWEAK,450,0.0029290984728516777,4.4833732726379147e-05,0.002974063527996007,0.054534975272718396,-16.37089335577379,0.0004151290919825928,4.900470942162043,0.0004280375422650584,0.0002140187711325292,6.270258076779562,693.0740105036414,7.651191389895254,16.666666666666664,0.2515,1154.1662972484542,True,False
harbor,Harbor (turbid),2.0,1,VERYWEAK,450,0.004054400037870899,9.031337198574027e-05,0.004145079576395538,0.06438229241333007,-21.827857807698386,0.00011816441910772964,4.97094328411866,0.00013115590192103177,6.557795096051589e-05,9.43422220892,64.52887374304424,19.972883066839163,50.0,0.304,435.9905709040271,True,False
harbor,Harbor (turbid),2.5,1,VERYWEAK,450,0.0056120201554998835,0.00015669136902139494,0.005769590879642461,0.07595782303122214,-27.284822259622985,3.363491071267218e-05,4.991517123178404,4.663390781900478e-05,2.331695390950239e-05,17.538448900644074,0.0,30.052062545884656,50.0,0.5025,154.44999998724066,False,False
harbor,Harbor (turbid),3.0,1,VERYWEAK,450,0.007768047043102312,0.00024630274359684507,0.008016263077998298,0.08953358631261399,-32.74178671154758,9.574009056127332e-06,4.997523491661473,2.2573838763917387e-05,1.1286919381958693e-05,30.913931539319705,0.0,29.426360415899023,100.0,0.737,63.7999999947294,False,False
harbor,Harbor (turbid),3.5,1,VERYWEAK,450,0.010752376718517975,0.0003609137750676192,0.011117171174457985,0.10543799682494914,-38.19875116347218,2.7251937782690175e-06,4.999277003111117,1.572515463754698e-05,7.86257731877349e-06,42.2014279234018,0.0,26.695645387195437,100.0,0.82825,37.89999999686903,False,False
harbor,Harbor (turbid),4.0,1,VERYWEAK,450,0.014883226692040598,0.0005018477130812882,0.015392543518400803,0.1240666898018997,-43.65571561539677,7.757127746148431e-07,4.999788926815548,1.3775702389473565e-05,6.887851194736783e-06,47.46606598702686,0.0,25.373539572094923,100.0,0.8615,29.799999997538176,False,False
harbor,Harbor (turbid),4.5,1,VERYWEAK,450,0.020601067332879027,0.000670081428636204,0.021284953154145025,0.14589363644157008,-49.11268006732137,2.2080276033907004e-07,4.999938378864585,1.3220799865543142e-05,6.610399932771571e-06,49.24845748332912,0.0,24.875891943807765,100.0,0.87175,28.049999997682743,False,False
harbor,Harbor (turbid),5.0,1,VERYWEAK,450,0.028515588993936546,0.0008663269738547174,0.029406619791711996,0.1714835846129652,-54.56964451924597,6.285040103607944e-08,4.999982010200208,1.3062849582134994e-05,6.531424791067497e-06,49.7834907135617,0.0,24.842245324804637,100.0,0.87375,27.34999999774057,False,False
harbor,Harbor (turbid),5.5,1,VERYWEAK,450,0.03947071297482517,0.001091100173441956,0.04060487965003978,0.2015065250805536,-60.02660897117057,1.789005220917541e-08,4.999994748021205,1.3017889819444406e-05,6.508944909722203e-06,49.938158886166086,0.0,24.814978885409783,100.0,0.8735,27.2999999977447,False,False
harbor,Harbor (turbid),6.0,1,VERYWEAK,450,0.05463457840805275,0.0013447476882720874,0.05605279581933886,0.2367547165725297,-65.48357342309517,5.092313855933786e-09,4.999998466726612,1.3005092247775352e-05,6.502546123887676e-06,49.982379915290856,0.0,24.76796626244831,100.0,0.876,26.899999997777748,False,False
harbor,Harbor (turbid),7.0,1,VERYWEAK,450,0.10467738044830038,0.0019394870120013217,0.10681988788013141,0.32683311931340653,-76.39750232694436,4.1259339606200896e-10,4.9999998693188745,1.3000412588115573e-05,6.5002062940577865e-06,49.99857185772473,0.0,24.847082323685413,100.0,0.873,27.299999997744703,False,False
harbor,Harbor (turbid),8.0,1,VERYWEAK,450,0.20055712511736312,0.002651394244412155,0.2037402753689872,0.45137598005320045,-87.31143123079354,3.342946159448103e-11,4.999999988862028,1.3000033429078073e-05,6.500016714539036e-06,49.99988428441318,0.0,24.938061814891178,100.0,0.87075,28.04999999768274,False,False
harbor,Harbor (turbid),9.0,1,VERYWEAK,450,0.38425837810497804,0.003480328708697857,0.38907605227855235,0.6237596109708871,-98.22536013464274,2.7085477207418217e-12,4.99999999905071,1.3000002708540848e-05,6.500001354270424e-06,49.999990624267966,0.0,25.08676575352475,100.0,0.8725,27.59999999771992,False,False
harbor,Harbor (turbid),10.0,1,VERYWEAK,450,0.7362216678039386,0.0044256157237324515,0.7439055177168565,0.8624995754879283,-109.13928903849194,2.1945405057755643e-13,4.999999999919092,1.3000000219531849e-05,6.500000109765924e-06,49.9999992400664,0.0,25.061296729219734,100.0,0.87225,28.19999999767035,False,False
harbor,Harbor (turbid),0.5,2,WEAK,450,0.001528793130804038,1.8758404062381175e-05,0.0015475802125857197,0.039339296035716245,-5.4569644519245974,0.0051236099445141296,3.832231852183427,0.005123440206782459,0.0025617201033912296,3.9494256832988817,13322.555792039051,1.767273446649261,6.299921969213306,0.0,13717.388022389363,True,True
harbor,Harbor (turbid),1.0,2,WEAK,450,0.0021161251439232613,8.351117561780423e-05,0.0021998130396396753,0.04690216455175257,-10.913928903849193,0.0014584099368624495,4.659079388236263,0.0014703280283878684,0.0007351640141939342,5.060024092553427,3103.2554249123486,3.6563771600511212,10.0,0.066,3526.3812206190623,True,True
harbor,Harbor (turbid),1.5,2,WEAK,450,0.0029290984728516777,0.0002091039000346348,0.0031388148588005205,0.056025127030650455,-16.37089335577379,0.0004151290919825928,4.900470942162043,0.0004280375422650584,0.0002140187711325292,6.270258076779562,693.0740105036414,7.644111256606758,16.666666666666664,0.251,1155.3004151352347,True,False
harbor,Harbor (turbid),2.0,2,WEAK,450,0.004054400037870899,0.00040976206849648906,0.004465823445713335,0.06682681681565668,-21.827857807698386,0.00011816441910772964,4.97094328411866,0.00013115590192103177,6.557795096051589e-05,9.43422220892,64.52887374304424,19.834934100791372,50.0,0.3125,432.96298627750804,True,False
harbor,Harbor (turbid),2.5,2,WEAK,450,0.0056120201554998835,0.0006967963549845074,0.006312726945672864,0.07945267110470776,-27.284822259622985,3.363491071267218e-05,4.991517123178404,4.663390781900478e-05,2.331695390950239e-05,17.538448900644074,0.0,29.996057343850957,50.0,0.50175,155.79999998712913,False,False
harbor,Harbor (turbid),3.0,2,WEAK,450,0.007768047043102312,0.001078773781086749,0.008855200789669393,0.09410207643654518,-32.74178671154758,9.574009056127332e-06,4.997523491661473,2.2573838763917387e-05,1.1286919381958693e-05,30.913931539319705,0.0,29.43378622480937,100.0,0.73925,63.449999994758294,False,False
harbor,Harbor (turbid),3.5,2,WEAK,450,0.010752376718517975,0.0015620627424278713,0.012331235348010283,0.11104609560002676,-38.19875116347218,2.7251937782690175e-06,4.999277003111117,1.572515463754698e-05,7.86257731877349e-06,42.2014279234018,0.0,26.661815965075515,100.0,0.82875,37.84999999687315,False,False
harbor,Harbor (turbid),4.0,2,WEAK,450,0.014883226692040598,0.0021513453395843245,0.017066590992006914,0.1306391633163919,-43.65571561539677,7.757127746148431e-07,4.999788926815548,1.3775702389473565e-05,6.887851194736783e-06,47.46606598702686,0.0,25.349002829390443,100.0,0.858,30.84999999745143,False,False
harbor,Harbor (turbid),4.5,2,WEAK,450,0.020601067332879027,0.0028499969404182143,0.023509777252165298,0.15332898373160014,-49.11268006732137,2.2080276033907004e-07,4.999938378864585,1.3220799865543142e-05,6.610399932771571e-06,49.24845748332912,0.0,24.875891943807765,100.0,0.87175,28.049999997682743,False,False
harbor,Harbor (turbid),5.0,2,WEAK,450,0.028515588993936546,0.003660410688081383,0.032280378448748204,0.17966741064741876,-54.56964451924597,6.285040103607944e-08,4.999982010200208,1.3062849582134994e-05,6.531424791067497e-06,49.7834907135617,0.0,24.842245324804637,100.0,0.87375,27.34999999774057,False,False
harbor,Harbor (turbid),5.5,2,WEAK,450,0.03947071297482517,0.004584275419306451,0.04423593301340456,0.21032340101235658,-60.02660897117057,1.789005220917541e-08,4.999994748021205,1.3017889819444406e-05,6.508944909722203e-06,49.938158886166086,0.0,24.814978885409783,100.0,0.8735,27.2999999977447,False,False
harbor,Harbor (turbid),6.0,2,WEAK,450,0.05463457840805275,0.005622644106517611,0.06056441330486839,0.24609838135361312,-65.48357342309517,5.092313855933786e-09,4.999998466726612,1.3005092247775352e-05,6.502546123887676e-06,49.982379915290856,0.0,24.76796626244831,100.0,0.876,26.899999997777748,False,False
harbor,Harbor (turbid),7.0,2,WEAK,450,0.10467738044830038,0.008045111837525038,0.11356463351839108,0.3369935214783677,-76.39750232694436,4.1259339606200896e-10,4.9999998693188745,1.3000412588115573e-05,6.5002062940577865e-06,49.99857185772473,0.0,24.847082323685413,100.0,0.873,27.299999997744703,False,False
harbor,Harbor (turbid),8.0,2,WEAK,450,0.20055712511736312,0.010929503092854138,0.2136786179294814,0.4622538457703531,-87.31143123079354,3.342946159448103e-11,4.999999988862028,1.3000033429078073e-05,6.500016714539036e-06,49.99988428441318,0.0,24.938061814891178,100.0,0.87075,28.04999999768274,False,False
harbor,Harbor (turbid),9.0,2,WEAK,450,0.38425837810497804,0.014273950540636344,0.40401721372950994,0.635623484249528,-98.22536013464274,2.7085477207418217e-12,4.99999999905071,1.3000002708540848e-05,6.500001354270424e-06,49.999990624267966,0.0,25.08676575352475,100.0,0.8725,27.59999999771992,False,False
harbor,Harbor (turbid),10.0,2,WEAK,450,0.7362216678039386,0.01807484144549735,0.767603599163732,0.8761298985674053,-109.13928903849194,2.1945405057755643e-13,4.999999999919092,1.3000000219531849e-05,6.500000109765924e-06,49.9999992400664,0.0,25.061296729219734,100.0,0.87225,28.19999999767035,False,False
harbor,Harbor (turbid),0.5,3,MODERATE,450,0.001528793130804038,9.669510565461664e-05,0.0016256360632720401,0.040319177363533104,-5.4569644519245974,0.0051236099445141296,3.832231852183427,0.005123440206782459,0.0025617201033912296,3.9494256832988817,13322.555792039051,1.753646181807711,6.299212598425196,0.0,13695.63069845499,True,True
harbor,Harbor (turbid),1.0,3,MODERATE,450,0.0021161251439232613,0.0004051522876018548,0.0025221347844679443,0.05022086005304911,-10.913928903849193,0.0014584099368624495,4.659079388236263,0.0014703280283878684,0.0007351640141939342,5.060024092553427,3103.2554249123486,3.6694160346189024,10.0,0.0685,3520.772033080056,True,True
harbor,Harbor (turbid),1.5,3,MODERATE,450,0.0029290984728516777,0.0009687379073374228,0.0039006739089137987,0.06245537534042846,-16.37089335577379,0.0004151290919825928,4.900470942162043,0.0004280375422650584,0.0002140187711325292,6.270258076779562,693.0740105036414,7.6335416840685815,16.666666666666664,0.25175,1153.2765905482574,True,False
harbor,Harbor (turbid),2.0,3,MODERATE,450,0.004054400037870899,0.0018340511930322986,0.005895887208129613,0.07678468081674635,-21.827857807698386,0.00011816441910772964,4.97094328411866,0.00013115590192103177,6.557795096051589e-05,9.43422220892,64.52887374304424,19.196001798607814,50.0,0.3065,432.70956649788485,True,False
harbor,Harbor (turbid),2.5,3,MODERATE,450,0.0056120201554998835,0.0030381505083140184,0.008667220825701927,0.09309790988900839,-27.284822259622985,3.363491071267218e-05,4.991517123178404,4.663390781900478e-05,2.331695390950239e-05,17.538448900644074,0.0,30.520390528932438,50.0,0.49475,159.19999998684827,False,False
harbor,Harbor (turbid),3.0,3,MODERATE,450,0.007768047043102312,0.0046085385491568855,0.012412384936509202,0.11141088338447551,-32.74178671154758,9.574009056127332e-06,4.997523491661473,2.2573838763917387e-05,1.1286919381958693e-05,30.913931539319705,0.0,29.336424268967903,100.0,0.736,63.29999999477069,False,False
harbor,Harbor (turbid),3.5,3,MODERATE,450,0.010752376718517975,0.006565094400741561,0.01738806148744909,0.13186379900279338,-38.19875116347218,2.7251937782690175e-06,4.999277003111117,1.572515463754698e-05,7.86257731877349e-06,42.2014279234018,0.0,26.65041619111646,100.0,0.82925,37.79999999687728,False,False
harbor,Harbor (turbid),4.0,3,MODERATE,450,0.014883226692040598,0.008921959779228661,0.023937974021200903,0.15471901635287402,-43.65571561539677,7.757127746148431e-07,4.999788926815548,1.3775702389473565e-05,6.887851194736783e-06,47.46606598702686,0.0,25.450056960752676,100.0,0.86075,30.049999997517524,False,False
harbor,Harbor (turbid),4.5,3,MODERATE,450,0.020601067332879027,0.011688866262442784,0.032530736716239295,0.1803627919395774,-49.11268006732137,2.2080276033907004e-07,4.999938378864585,1.3220799865543142e-05,6.610399932771571e-06,49.24845748332912,0.0,24.96215886096393,100.0,0.8685,28.79999999762079,False,False
harbor,Harbor (turbid),5.0,3,MODERATE,450,0.028515588993936546,0.014872317598391336,0.04381199948835102,0.2093131612879396,-54.56964451924597,6.285040103607944e-08,4.999982010200208,1.3062849582134994e-05,6.531424791067497e-06,49.7834907135617,0.0,24.94222177520145,100.0,0.87375,27.749999997707523,False,False
harbor,Harbor (turbid),5.5,3,MODERATE,450,0.03947071297482517,0.01847664638575347,0.05867664576680798,0.242232627378741,-60.02660897117057,1.789005220917541e-08,4.999994748021205,1.3017889819444406e-05,6.508944909722203e-06,49.938158886166086,0.0,24.814978885409783,100.0,0.8735,27.2999999977447,False,False
harbor,Harbor (turbid),6.0,3,MODERATE,450,0.05463457840805275,0.022504014604737548,0.07836809036320869,0.2799430127065305,-65.48357342309517,5.092313855933786e-09,4.999998466726612,1.3005092247775352e-05,6.502546123887676e-06,49.982379915290856,0.0,24.76796626244831,100.0,0.876,26.899999997777748,False,False
harbor,Harbor (turbid),7.0,3,MODERATE,450,0.10467738044830038,0.031830541219651225,0.13983985934107612,0.3739516804897073,-76.39750232694436,4.1259339606200896e-10,4.9999998693188745,1.3000412588115573e-05,6.5002062940577865e-06,49.99857185772473,0.0,24.847082323685413,100.0,0.873,27.299999997744703,False,False
harbor,Harbor (turbid),8.0,3,MODERATE,450,0.20055712511736312,0.042849296513144106,0.25200015335248493,0.5019961686631532,-87.31143123079354,3.342946159448103e-11,4.999999988862028,1.3000033429078073e-05,6.500016714539036e-06,49.99988428441318,0.0,24.938061814891178,100.0,0.87075,28.04999999768274,False,False
harbor,Harbor (turbid),9.0,3,MODERATE,450,0.38425837810497804,0.0555464358739072,0.4611489973373051,0.6790795221012816,-98.22536013464274,2.7085477207418217e-12,4.99999999905071,1.3000002708540848e-05,6.500001354270424e-06,49.999990624267966,0.0,25.08676575352475,100.0,0.8725,27.59999999771992,False,False
harbor,Harbor (turbid),10.0,3,MODERATE,450,0.7362216678039386,0.06990370707291482,0.857589998683753,0.9260615523191496,-109.13928903849194,2.1945405057755643e-13,4.999999999919092,1.3000000219531849e-05,6.500000109765924e-06,49.9999992400664,0.0,25.061296729219734,100.0,0.87225,28.19999999767035,False,False
harbor,Harbor (turbid),0.5,4,STRONG,450,0.001528793130804038,0.0004897330029310253,0.002019274834185847,0.044936342020527736,-5.4569644519245974,0.0051236099445141296,3.832231852183427,0.005123440206782459,0.0025617201033912296,3.9494256832988817,13322.555792039051,1.7623597305181606,6.294256924178184,0.0,13684.258424823729,True,True
harbor,Harbor (turbid),1.0,4,STRONG,450,0.0021161251439232613,0.0019279908887984295,0.004048195902718543,0.06362543440102035,-10.913928903849193,0.0014584099368624495,4.659079388236263,0.0014703280283878684,0.0007351640141939342,5.060024092553427,3103.2554249123486,3.6509013602093736,10.0,0.06775,3492.0473871780655,True,True
harbor,Harbor (turbid),1.5,4,STRONG,450,0.0029290984728516777,0.00437395888663845,0.007315869115785301,0.0855328540140296,-16.37089335577379,0.0004151290919825928,4.900470942162043,0.0004280375422650584,0.0002140187711325292,6.270258076779562,693.0740105036414,7.6825692278868205,16.666666666666664,0.25475,1156.0789941100704,True,False
harbor,Harbor (turbid),2.0,4,STRONG,450,0.004054400037870899,0.007937242698590119,0.012023823493558794,0.10965319645846533,-21.827857807698386,0.00011816441910772964,4.97094328411866,0.00013115590192103177,6.557795096051589e-05,9.43422220892,64.52887374304424,19.818169197483684,50.0,0.29575,445.0654285557032,True,False
harbor,Harbor (turbid),2.5,4,STRONG,450,0.0056120201554998835,0.012707661347028979,0.01839099715413761,0.13561341067216623,-27.284822259622985,3.363491071267218e-05,4.991517123178404,4.663390781900478e-05,2.331695390950239e-05,17.538448900644074,0.0,30.23696602222229,50.0,0.50275,155.6999999871374,False,False
harbor,Harbor (turbid),3.0,4,STRONG,450,0.007768047043102312,0.018749685834473007,0.02666338131918078,0.16328925659448873,-32.74178671154758,9.574009056127332e-06,4.997523491661473,2.2573838763917387e-05,1.1286919381958693e-05,30.913931539319705,0.0,29.58072887303019,100.0,0.7365,64.39999999467982,False,False
harbor,Harbor (turbid),3.5,4,STRONG,450,0.010752376718517975,0.02610715627120506,0.03714024696900031,0.19271805044935544,-38.19875116347218,2.7251937782690175e-06,4.999277003111117,1.572515463754698e-05,7.86257731877349e-06,42.2014279234018,0.0,26.729093595639274,100.0,0.8315,38.24999999684011,False,False
harbor,Harbor (turbid),4.0,4,STRONG,450,0.014883226692040598,0.03480873294242711,0.05021002589771273,0.2240759377927776,-43.65571561539677,7.757127746148431e-07,4.999788926815548,1.3775702389473565e-05,6.887851194736783e-06,47.46606598702686,0.0,25.40009492203939,100.0,0.8585,30.84999999745143,False,False
harbor,Harbor (turbid),4.5,4,STRONG,450,0.020601067332879027,0.04487138220198364,0.06639684790092515,0.25767585820352895,-49.11268006732137,2.2080276033907004e-07,4.999938378864585,1.3220799865543142e-05,6.610399932771571e-06,49.24845748332912,0.0,24.96215886096393,100.0,0.8685,28.79999999762079,False,False
harbor,Harbor (turbid),5.0,4,STRONG,450,0.028515588993936546,0.056303950680078166,0.08642507999034277,0.2939814279684055,-54.56964451924597,6.285040103607944e-08,4.999982010200208,1.3062849582134994e-05,6.531424791067497e-06,49.7834907135617,0.0,24.94222177520145,100.0,0.87375,27.749999997707523,False,False
harbor,Harbor (turbid),5.5,4,STRONG,450,0.03947071297482517,0.06911073270697132,0.11130929557595315,0.3336304775885338,-60.02660897117057,1.789005220917541e-08,4.999994748021205,1.3017889819444406e-05,6.508944909722203e-06,49.938158886166086,0.0,24.814978885409783,100.0,0.8735,27.2999999977447,False,False
harbor,Harbor (turbid),6.0,4,STRONG,450,0.05463457840805275,0.0832898297230803,0.1424749128637317,0.3774584915771954,-65.48357342309517,5.092313855933786e-09,4.999998466726612,1.3005092247775352e-05,6.502546123887676e-06,49.982379915290856,0.0,24.76796626244831,100.0,0.876,26.899999997777748,False,False
harbor,Harbor (turbid),7.0,4,STRONG,450,0.10467738044830038,0.11574557870758789,0.23253890313347103,0.4822228770324683,-76.39750232694436,4.1259339606200896e-10,4.9999998693188745,1.3000412588115573e-05,6.5002062940577865e-06,49.99857185772473,0.0,24.847082323685413,100.0,0.873,27.299999997744703,False,False
harbor,Harbor (turbid),8.0,4,STRONG,450,0.20055712511736312,0.15361854649987422,0.38498496566796003,0.6204715671712605,-87.31143123079354,3.342946159448103e-11,4.999999988862028,1.3000033429078073e-05,6.500016714539036e-06,49.99988428441318,0.0,24.938061814891178,100.0,0.87075,28.04999999768274,False,False
harbor,Harbor (turbid),9.0,4,STRONG,450,0.38425837810497804,0.19682869797965932,0.6567201523348158,0.8103827196669583,-98.22536013464274,2.7085477207418217e-12,4.99999999905071,1.3000002708540848e-05,6.500001354270424e-06,49.999990624267966,0.0,25.08676575352475,100.0,0.8725,27.59999999771992,False,False
harbor,Harbor (turbid),10.0,4,STRONG,450,0.7362216678039386,0.24529254794054658,1.1621039044891521,1.0780092320982935,-109.13928903849194,2.1945405057755643e-13,4.999999999919092,1.3000000219531849e-05,6.500000109765924e-06,49.9999992400664,0.0,25.061296729219734,100.0,0.87225,28.19999999767035,False,False
harbor,Harbor (turbid),0.5,5,SEVERE,450,0.001528793130804038,0.0025943552143423815,0.0041271145775769735,0.06424262274827339,-5.4569644519245974,0.0051236099445141296,3.832231852183427,0.005123440206782459,0.0025617201033912296,3.9494256832988817,13322.555792039051,1.7655671927434569,6.25,0.0,13715.9805106474,True,True
harbor,Harbor (turbid),1.0,5,SEVERE,450,0.0021161251439232613,0.009611379851557142,0.011747843878052056,0.10838747103817883,-10.913928903849193,0.0014584099368624495,4.659079388236263,0.0014703280283878684,0.0007351640141939342,5.060024092553427,3103.2554249123486,3.684838772359232,10.0,0.07,3512.8402903853967,True,True
harbor,Harbor (turbid),1.5,5,SEVERE,450,0.0029290984728516777,0.020597922507785117,0.023587354323998166,0.15358175127272825,-16.37089335577379,0.0004151290919825928,4.900470942162043,0.0004280375422650584,0.0002140187711325292,6.270258076779562,693.0740105036414,7.800194649678742,16.666666666666664,0.25375,1157.4200675519378,True,False
harbor,Harbor (turbid),2.0,5,SEVERE,450,0.004054400037870899,0.035550485427377855,0.03974902135471181,0.19937156606374895,-21.827857807698386,0.00011816441910772964,4.97094328411866,0.00013115590192103177,6.557795096051589e-05,9.43422220892,64.52887374304424,20.29658075010295,50.0,0.3045,434.41753077895333,True,False
harbor,Harbor (turbid),2.5,5,SEVERE,450,0.0056120201554998835,0.05451061105134859,0.06042854585475732,0.24582218340653741,-27.284822259622985,3.363491071267218e-05,4.991517123178404,4.663390781900478e-05,2.331695390950239e-05,17.538448900644074,0.0,30.40250769858048,50.0,0.50525,157.44999998699282,False,False
harbor,Harbor (turbid),3.0,5,SEVERE,450,0.007768047043102312,0.07750145634840579,0.08587153835033146,0.2930384588246592,-32.74178671154758,9.574009056127332e-06,4.997523491661473,2.2573838763917387e-05,1.1286919381958693e-05,30.913931539319705,0.0,29.225356000112868,100.0,0.74025,62.9499999947996,False,False
harbor,Harbor (turbid),3.5,5,SEVERE,450,0.010752376718517975,0.10452300007460182,0.11639924746567165,0.3411733393242673,-38.19875116347218,2.7251937782690175e-06,4.999277003111117,1.572515463754698e-05,7.86257731877349e-06,42.2014279234018,0.0,26.71576461554218,100.0,0.8275,38.7499999967988,False,False
harbor,Harbor (turbid),4.0,5,SEVERE,450,0.014883226692040598,0.13555827167552886,0.15245904285489753,0.3904600400231726,-43.65571561539677,7.757127746148431e-07,4.999788926815548,1.3775702389473565e-05,6.887851194736783e-06,47.46606598702686,0.0,25.3333552631484,100.0,0.86075,30.44999999748448,False,False
harbor,Harbor (turbid),4.5,5,SEVERE,450,0.020601067332879027,0.17057506279422993,0.19469015848104276,0.4412370774096877,-49.11268006732137,2.2080276033907004e-07,4.999938378864585,1.3220799865543142e-05,6.610399932771571e-06,49.24845748332912,0.0,24.96139241130412,100.0,0.869,28.599999997637312,False,False
harbor,Harbor (turbid),5.0,5,SEVERE,450,0.028515588993936546,0.20953305292116292,0.2440236003328442,0.493987449570173,-54.56964451924597,6.285040103607944e-08,4.999982010200208,1.3062849582134994e-05,6.531424791067497e-06,49.7834907135617,0.0,24.94222177520145,100.0,0.87375,27.749999997707523,False,False
harbor,Harbor (turbid),5.5,5,SEVERE,450,0.03947071297482517,0.2523944163261947,0.30182731686427955,0.5493881295261844,-60.02660897117057,1.789005220917541e-08,4.999994748021205,1.3017889819444406e-05,6.508944909722203e-06,49.938158886166086,0.0,24.814978885409783,100.0,0.8735,27.2999999977447,False,False
harbor,Harbor (turbid),6.0,5,SEVERE,450,0.05463457840805275,0.29910769397414655,0.37008389514108164,0.6083452105022951,-65.48357342309517,5.092313855933786e-09,4.999998466726612,1.3005092247775352e-05,6.502546123887676e-06,49.982379915290856,0.0,24.76796626244831,100.0,0.876,26.899999997777748,False,False
harbor,Harbor (turbid),7.0,5,SEVERE,450,0.10467738044830038,0.40389413923656337,0.5508501001585682,0.7421927648249935,-76.39750232694436,4.1259339606200896e-10,4.9999998693188745,1.3000412588115573e-05,6.5002062940577865e-06,49.99857185772473,0.0,24.847082323685413,100.0,0.873,27.299999997744703,False,False
harbor,Harbor (turbid),8.0,5,SEVERE,450,0.20055712511736312,0.523527960654233,0.8290823484789651,0.9105395919337967,-87.31143123079354,3.342946159448103e-11,4.999999988862028,1.3000033429078073e-05,6.500016714539036e-06,49.99988428441318,0.0,24.938061814891178,100.0,0.87075,28.04999999768274,False,False
harbor,Harbor (turbid),9.0,5,SEVERE,450,0.38425837810497804,0.6576088273531064,1.2945589068843057,1.1377868459796439,-98.22536013464274,2.7085477207418217e-12,4.99999999905071,1.3000002708540848e-05,6.500001354270424e-06,49.999990624267966,0.0,25.08676575352475,100.0,0.8725,27.59999999771992,False,False
harbor,Harbor (turbid),10.0,5,SEVERE,450,0.7362216678039386,0.8057857485231731,2.135244343997487,1.4612475300227157,-109.13928903849194,2.1945405057755643e-13,4.999999999919092,1.3000000219531849e-05,6.500000109765924e-06,49.9999992400664,0.0,25.061296729219734,100.0,0.87225,28.19999999767035,False,False
